"V1","V2","V3","V4"
-110.620688563083,-123.496203516172,-112.44793872042,-107.464986957617
-109.653116590667,-110.366698295922,-132.083142617292,-145.608070740999
-99.7473824423863,-124.290760990496,-122.961924867827,-107.886711173502
-104.424763306505,-106.235355729195,-125.084078776074,-147.871426661842
-107.735646323114,-122.415252839512,-103.567002444919,-126.448848783093
-104.781669408911,-106.515464882473,-124.240305848924,-113.897316363587
-95.6803643765099,-117.42386660824,-119.720293829343,-132.545418859729
-113.49218153078,-110.080964858176,-87.3073332255494,-122.039377857397
-109.116379491848,-94.5789739607258,-113.014126619711,-129.448180062291
-110.396479366195,-126.429050025984,-107.632251798739,-126.466462451953
-97.9195709079849,-123.052165603023,-118.145598141919,-137.086617877279
-110.938551110172,-126.602225453774,-126.782207625468,-112.754719485686
-98.2302797259868,-112.231742236686,-123.881288538785,-104.690166433215
-109.041772999971,-101.470167850529,-100.91982572033,-144.457724859049
-110.220069235872,-121.648982862588,-129.94938184923,-123.810492267352
-90.4695598577174,-106.209381456507,-139.006484522463,-118.594945990666
-89.3608196542532,-121.721607600976,-114.782169864095,-137.797957872682
-110.922935255993,-110.586701814295,-112.088320660823,-112.116320457526
-110.122328131269,-96.7646253181111,-123.006532686202,-113.97259297254
-110.560914486884,-116.823473082799,-113.62054061899,-119.608247427325
-110.588847700833,-114.991607725934,-118.54151286496,-128.62733866817
-111.643675617286,-117.999997750744,-116.951623282108,-99.062078572988
-102.119401155696,-117.138450388376,-118.381184548106,-115.993735345552
-107.656071801142,-116.277285272163,-111.735350507965,-116.674297868191
-107.809266326218,-115.84935752113,-100.744399073404,-137.446511742297
-104.891196156393,-116.736455112907,-109.527617131989,-106.615060434695
-91.4730620843147,-115.378762246012,-125.506831980764,-112.592937048166
-97.2743518413452,-96.6467605757962,-112.862681808322,-122.893651810571
-91.477079071511,-122.15290594565,-123.432550313854,-131.45269276216
-112.23489171911,-118.948426945216,-95.0373608458978,-114.362126810764
-96.9153187898002,-109.900598454318,-123.782839963015,-123.785278937133
-109.921710445997,-116.979066019697,-101.245913911497,-129.62233490019
-92.7872164376133,-118.333838072539,-131.615057268808,-122.20314869706
-96.588594137884,-112.838738303602,-120.976236667453,-124.880000983355
-94.2304144773221,-105.605478948891,-100.352656178117,-83.639426606201
-103.6349675037,-104.808070184152,-103.023286987511,-104.797644749678
-99.3611647125231,-118.500332962459,-120.102481483806,-117.816676883258
-114.735188646649,-94.6152031790756,-100.688527895793,-105.845307963161
-97.7684377615323,-105.186265267952,-125.549867935767,-138.148019699488
-92.0106955984206,-118.803403660754,-120.565257661235,-122.926686868701
-106.830922557468,-109.760153904155,-95.0013860802287,-130.108967556525
-103.261030056092,-118.98699013573,-116.305935014566,-146.759044265093
-103.890082330965,-123.809431053043,-123.109092094398,-75.7789405648303
-93.4293014484443,-99.6586951653344,-121.126447554805,-141.320101693537
-102.331724408048,-108.336340660679,-125.643455295262,-139.860343663622
-97.3177209177272,-123.255122458496,-111.049575160931,-79.0735253222466
-114.339501503737,-104.911754219935,-111.428592104221,-106.970246062125
-94.1276336564753,-116.579970013515,-92.3768498140171,-129.831448365146
-108.069177947466,-127.39801466802,-102.53856778245,-134.739016204577
-99.5755334263002,-115.865988351362,-95.9912008557005,-127.657743766484
-111.072102698268,-125.301942272937,-122.076393164148,-144.455795235433
-91.7703650044233,-117.808009680125,-80.0333149090799,-105.475033262302
-104.608566924901,-97.4489681802482,-120.696222075171,-122.691264319521
-104.028822323272,-118.477263619622,-98.7280157305576,-120.231396056181
-108.3301353678,-129.189764269092,-125.723409674343,-118.284779985561
-110.55862912,-131.613062256328,-116.458092284321,-136.863607158829
-109.743396560777,-108.324064463729,-92.1183182519414,-111.952319057535
-110.335341881212,-119.46069731331,-103.159537842806,-129.442112247801
-92.5349080619584,-118.837905217512,-96.0349555571251,-115.826687946802
-106.398132693045,-116.400123551403,-115.475700709933,-119.285403569214
-103.516973746416,-127.015132937093,-91.4525255215556,-133.08759079816
-91.9265995131604,-115.408024870222,-117.844656808665,-96.9316174672443
-89.827135769572,-121.038509365716,-107.926851302317,-114.914658077811
-112.595263769778,-123.599581120136,-123.200360521067,-125.917982378885
-110.598513119279,-101.896636115829,-114.222534856316,-104.744256687479
-111.302052905777,-132.645140599497,-125.465710099519,-92.275192812537
-110.683820256703,-111.116832751933,-88.8466933776625,-129.624820579563
-109.067264790888,-123.145626730771,-128.572018231074,-129.429241039792
-108.801505647631,-87.452454068722,-115.118891212011,-119.170054391588
-111.711341858169,-119.044443097714,-96.301870296031,-107.078213338797
-101.951986128871,-116.257436099684,-118.029185022087,-137.659512418854
-94.9220421981717,-115.567019985782,-117.530987948868,-109.410813220592
-109.674068764498,-113.097641482841,-118.454657056625,-122.161417474153
-109.33468425588,-109.353607126767,-117.660286348005,-109.550662313657
-110.24198332575,-114.946993902964,-114.24866498187,-122.762262693099
-100.343523014589,-117.962456261121,-115.383414887578,-128.798481933416
-113.828385860921,-117.076313623064,-102.912583657889,-102.539898477768
-110.72991543322,-110.211461616744,-107.336617276315,-118.519691164096
-110.447715867947,-107.791384192289,-111.29438605259,-88.5693393056321
-110.157837799013,-122.755358860776,-103.843560434006,-116.839960278964
-95.28491770514,-118.448240228501,-100.12949843266,-139.449414033525
-111.202696560334,-109.608609152572,-118.006573998466,-100.395339125837
-108.246671507918,-114.230563662465,-109.011483995068,-114.881354290556
-95.4377755532741,-104.144028332813,-99.4458670013039,-134.531419193845
-94.3541915071206,-111.748636847915,-102.157455652762,-107.250014515562
-109.766389376308,-114.618159394819,-103.931693599404,-145.540145870146
-111.926500434752,-103.303603423405,-123.193414602955,-128.128880134194
-98.8984123232303,-110.087904980796,-101.736880666063,-91.579604726455
-104.058412674183,-119.852707286155,-109.411586681165,-131.193470112265
-93.8939103343332,-120.006761470455,-110.438354305087,-94.2248239328737
-106.613912065992,-111.337862855064,-89.578636197719,-142.369168670869
-111.327043808822,-116.413918886139,-110.562749162201,-118.710250128422
-104.263442641622,-120.417981089129,-121.920759167819,-120.174174091724
-100.055238166812,-111.049646367993,-126.650436961694,-123.695227165781
-109.199593809789,-121.910823419732,-110.219039212453,-131.580072106409
-112.130218321214,-114.134681669717,-119.381208593497,-84.8200473440465
-86.7946827857483,-121.551916230135,-101.52985161527,-109.045262544441
-110.37702207407,-110.725504239809,-122.238684152641,-97.0063812613417
-115.79023371523,-97.372957848279,-117.468675607672,-102.131949376836
-112.312817638265,-98.8975838978564,-106.004495815971,-103.111420405784
-98.4237881283957,-116.320389996873,-118.656964165261,-104.324247562387
-102.493305664297,-116.728385707572,-127.947464023536,-149.350622780858
-97.2028523139968,-121.172528343206,-105.493324442688,-101.042464137317
-110.425423601149,-115.682652317457,-109.816755692995,-102.239993962088
-89.3606434995176,-125.941742441986,-98.5820918832397,-129.237464562826
-92.6252780738852,-108.74641063928,-129.343115217215,-129.86918783412
-110.615978481833,-102.971308610422,-120.908147085002,-129.966804839369
-111.609349793452,-115.483784429756,-109.318128588059,-124.794115668548
-101.772740262887,-117.295243531119,-114.844621551886,-119.532961607681
-114.539436328307,-117.37732503411,-95.0338439992686,-96.2667719166066
-112.13954144884,-102.083770502483,-114.739221150378,-113.446384942118
-108.798142538907,-120.063825272648,-117.261621665884,-135.396174412543
-108.17394771442,-119.006395601191,-83.1761061304827,-130.629048321242
-109.558146960623,-105.993788349084,-109.083048269724,-90.851689189026
-112.46998434384,-98.7601494399032,-120.879090841473,-122.91194980273
-93.6468745723352,-106.310134427768,-96.03212175626,-82.2174489436857
-109.707067416007,-101.4698460717,-105.696934021309,-125.082472697229
-112.441320990467,-124.41186608913,-118.874254345617,-113.397050751517
-112.027293006475,-124.832816597982,-110.036874582008,-121.854312440975
-112.088263477439,-125.207031158672,-117.193966700428,-116.242192977389
-110.41274185481,-116.128972136549,-101.863911308723,-93.9900619835462
-100.606911518961,-122.392481365279,-132.51666820926,-119.046990625844
-116.042970421276,-100.476851911966,-92.1501120039402,-140.393276256805
-98.6459668427663,-125.966201028455,-122.664498458703,-122.793711045023
-102.379756869716,-109.028975419872,-112.789925919452,-117.546355642963
-112.463562269846,-100.982444791724,-118.031062663639,-105.825205185367
-108.491531761082,-103.91191815056,-93.3172913421358,-116.612236824628
-112.253309145355,-108.12093544979,-123.421843809792,-95.1526561377154
-112.006531272221,-128.793743268622,-123.348810805041,-89.7092103216718
-109.23962806311,-111.701706650661,-98.4157688814226,-92.7142347353786
-96.5650663202683,-120.598209536409,-89.5979239911457,-127.029564611166
-97.9056285355393,-111.440408606631,-104.487634935015,-105.441771148861
-100.673858509649,-124.054480890543,-115.14277267447,-87.6068912196752
-100.034716406642,-119.945569049872,-112.627353846324,-78.7545198358002
-95.6086200975458,-118.698603297619,-118.608797876619,-126.418650762604
-99.3382649382379,-100.406401935802,-108.589781334449,-88.406656947541
-108.593160553648,-116.447730275811,-116.076164230181,-123.171294820858
-100.717039701249,-128.142210873375,-131.361798776258,-110.64227666641
-98.1304753160294,-124.706381832521,-98.6000271962543,-124.401372333242
-106.522926344835,-114.942575520322,-128.824616226313,-127.456892062849
-91.9470276204443,-110.088322466504,-113.757301268872,-133.707485966486
-109.702699412234,-119.194157877828,-127.297149533715,-109.13488288378
-107.461581004108,-117.109111559304,-115.129226979852,-97.666447945132
-111.492765308515,-117.752331421581,-117.913372057545,-148.917914152111
-91.8764399917131,-101.424914161925,-122.338469524451,-111.226875537551
-103.99791158746,-111.431969686064,-109.359379975953,-125.545880823436
-111.952959192671,-123.746616310246,-128.682251914334,-110.796300221549
-111.424750897948,-121.702060844753,-106.062522247907,-135.620374493143
-110.235010451723,-110.003429779528,-120.787958519908,-144.205750248521
-107.017624304183,-115.691919186055,-122.042589104793,-87.1874761130151
-106.092384648081,-119.242048392575,-120.494450217633,-107.20208840006
-98.9892309179055,-116.243093166938,-107.708712999996,-91.7482277793697
-98.3713742612086,-119.00308400774,-113.472756264902,-116.408934337893
-112.845989709442,-123.867343130366,-116.694824746509,-124.811576186141
-112.429992710523,-109.792511342001,-125.633469677551,-123.119204601777
-111.383843645111,-109.953520343043,-94.6816803804921,-92.0086580722928
-110.311344063089,-118.091533847311,-98.4883352408731,-147.695714780468
-111.746770702097,-112.320719805687,-114.158757125944,-112.548472625505
-110.724793549583,-104.731863035175,-122.176270893838,-101.205197808532
-87.9233026483392,-117.025439588587,-128.251065771587,-107.902784108451
-100.838447378394,-109.650844483194,-115.584450041835,-121.692020459472
-105.470118015198,-114.857547646627,-124.196228882199,-119.605981556061
-105.380749922667,-107.66286978047,-130.942206741181,-109.228415818961
-107.707301240837,-99.0991236363985,-108.578551575739,-140.805928154718
-103.960736715886,-126.837988338965,-123.143233454131,-130.459674261326
-113.723689836689,-116.240447979877,-130.771485696611,-125.813177152156
-106.134890076881,-111.423874918837,-124.027461323423,-112.622892063883
-113.444523115739,-115.889688658348,-127.628579103395,-131.544445487196
-95.772983322535,-118.452186194744,-108.154331972435,-114.91526213814
-80.9615172433732,-100.497627025705,-129.628823296476,-115.330459812031
-108.698170664185,-115.914923474408,-110.168429520676,-115.995790023181
-99.6622194198413,-122.244787280119,-96.2855596280699,-119.021275593641
-112.225871316394,-104.020263422271,-107.360993881613,-126.223841080255
-93.2587009352846,-112.453101166678,-109.743409263822,-140.746383928635
-113.317229425012,-123.258008632731,-121.783900811555,-134.895813195059
-108.49660811968,-122.725305481393,-119.768531669366,-144.011393047282
-111.352408967091,-115.550190327594,-112.516672250084,-134.50163657239
-109.063042821886,-114.409054531043,-113.729346892625,-148.713391878663
-109.501753445919,-126.3991439697,-108.523176844146,-126.890250253031
-110.591230678188,-113.078216862698,-110.215035284438,-134.764955065519
-102.402392622241,-120.841457327496,-125.748025797656,-136.799066724972
-112.880510523037,-120.367344116093,-99.3818612209613,-141.969065909034
-95.9550919535684,-117.937905498672,-112.083461497084,-115.312808992666
-97.4945545470962,-118.215569190181,-115.779026792441,-128.973545406627
-110.708510856653,-123.099610471033,-98.3257445131241,-124.094682048606
-109.824010099097,-121.465956538867,-121.383207311065,-120.208446923041
-100.807015812919,-114.152325825796,-96.308984411913,-132.507583419724
-110.969299374073,-109.204660672004,-92.780590784466,-140.368603421746
-110.903726433554,-106.107300439435,-114.468240370994,-125.431600855444
-106.756139588135,-109.825071210788,-106.363906790313,-103.438767044394
-111.493095599106,-105.462985877232,-116.05165106702,-124.379949208253
-99.503351455077,-97.0892482341137,-107.389144442437,-122.669802029943
-109.166827711561,-122.6582130584,-128.855007648011,-107.44445596998
-112.644043175063,-101.978834390088,-90.4597415686176,-113.595404824499
-87.5720214678826,-101.557450223658,-124.816339559849,-141.415217802719
-107.205900799494,-124.662783429115,-126.327358852763,-139.290760735144
-98.1130585887253,-123.777007074631,-107.287224977102,-109.979703889718
-102.180975819368,-120.383125870792,-125.113088908025,-105.708324563966
-110.911821902308,-118.480055590617,-104.013488888216,-117.744829683751
-95.9768633569169,-100.915134148,-124.238070434151,-124.556905821028
-110.186262927605,-120.805519023408,-126.868215082409,-122.41801545744
-106.255602051143,-115.428027440737,-109.551659652131,-116.531352509473
-109.052974159014,-116.375064207491,-116.029032042443,-113.154307233226
-110.281187710748,-123.892528115147,-108.427840503272,-118.989586957938
-107.652643097287,-106.408237998532,-105.8318836333,-114.732090053466
-110.173291201833,-124.674140022688,-117.250112104061,-128.31270669447
-110.027903284999,-110.375417909646,-130.027906953684,-115.747838668166
-100.896340679234,-121.314011556237,-117.635756892271,-132.758961234313
-99.4819948504344,-106.657932638963,-128.996175154138,-112.371312320035
-109.292160522688,-120.331911437304,-116.089549893464,-80.1955044785263
-109.525192609914,-123.698395692975,-108.578372236658,-136.075766043618
-103.53664077006,-120.618085385717,-118.260408800567,-117.697229790384
-111.585371102283,-98.4630267894365,-126.88172408597,-114.333468256935
-113.515884987952,-117.313589850378,-111.508241625472,-138.150439001235
-94.7022028955013,-124.826471532918,-119.900045005015,-145.049335512571
-108.980187798162,-113.978612758301,-123.965011185353,-117.639250833037
-109.147889398864,-127.918323144745,-111.490723030539,-120.089204486468
-111.427814818777,-106.536086707655,-117.844160500677,-139.710166583661
-83.6578003423594,-125.132822407301,-115.864385500231,-125.700222319099
-94.7023590269336,-114.713143848011,-120.191660697199,-99.343669701194
-111.428741971239,-119.289397602534,-105.065189967383,-118.337035491119
-96.9500177778682,-110.240997304901,-111.261310913193,-109.286430630595
-109.970781520036,-112.888453255131,-112.397169276668,-112.073873665478
-99.8731021681365,-104.638197386852,-126.014613009917,-101.623413762764
-101.296365406672,-113.975785407832,-85.8315462510431,-117.382138827597
-91.0949788146966,-120.34051807587,-109.126031246104,-113.742053172959
-100.483145963077,-118.825351873671,-115.244086880623,-122.727826410143
-103.278707237083,-112.437007420558,-104.172547734481,-118.765650981004
-110.063287166877,-121.820094461217,-109.567149942251,-118.957693504749
-111.752029122242,-112.658497809458,-123.182523809118,-129.253753705013
-109.847361742345,-118.069642518111,-122.280696333665,-114.488231170803
-90.5788598607792,-123.206713487996,-100.157189080131,-96.2774980984112
-112.735781585017,-112.220714279372,-94.9681083568883,-144.724747240462
-103.863476976944,-118.28301630133,-114.338757377197,-98.5708928181595
-99.3206689704788,-125.591297457194,-108.987291076851,-148.574145555128
-101.827116746314,-121.639494109937,-126.370307499104,-119.214117915604
-109.446864402886,-116.892664787502,-115.015983473467,-111.440987419548
-112.13021811135,-117.893372679791,-111.117931804981,-93.1104467266444
-114.600642535475,-110.767823996423,-113.225162183432,-106.858263308845
-114.787660991894,-117.912865184718,-109.793172256599,-105.386045780588
-105.456166568889,-123.289040387504,-116.167693307851,-108.392552855351
-103.753567437865,-121.72103733783,-113.356218103181,-124.603595192196
-110.203650647563,-115.281734813972,-112.410322385102,-132.786803608654
-113.181174770671,-108.422481322369,-118.285592275312,-106.862332109931
-111.624316048095,-125.186880872822,-111.817773399248,-102.419296546764
-112.225083652772,-124.362842646105,-117.947505980661,-131.364412702889
-116.894319306032,-102.340403262318,-133.353606864356,-119.548452354894
-108.572032741235,-119.164673792249,-131.155432659188,-109.446095985655
-83.6656317406408,-113.902067963565,-131.276632071252,-125.178408764847
-95.0991634469363,-110.427158100255,-113.281103731845,-107.994834559213
-101.672407348797,-117.629336008543,-111.74210217528,-123.060907224558
-95.9465927922685,-107.888562388833,-123.925037349156,-118.567367361127
-111.1779700821,-120.625267543596,-126.694152027069,-109.519789979019
-109.996500002655,-103.955507129856,-118.163611433934,-134.976235463632
-104.520568083006,-116.851332790316,-111.176512580267,-81.455374391223
-111.189326991938,-123.571421585813,-100.009634721886,-121.018812241174
-107.957414907551,-109.860180961806,-94.2565670222958,-82.4197406095981
-110.381191908365,-122.972631232018,-109.098003010151,-107.75165441896
-111.433183518645,-105.079549958157,-114.761005711442,-126.585592416628
-107.607268893227,-117.389019417884,-95.3994033311684,-99.0681255664333
-93.2334932647463,-119.328805621007,-114.096100900065,-134.968344362521
-108.112784683727,-118.471956415629,-90.506699055932,-128.054889994635
-103.525972444106,-122.21668205558,-117.79327145045,-128.306736615475
-107.691731959873,-97.0998360604258,-124.47286988289,-132.532788742856
-109.855113025396,-130.241256217004,-127.472599648473,-131.389722747647
-109.146653824222,-94.7670190782901,-108.571327967949,-114.603802597964
-100.848506815259,-123.14204703361,-107.394244467535,-116.196499480373
-110.706378028871,-105.041670957181,-119.236357588633,-114.59545375418
-113.301187868681,-122.33075780082,-106.595317257173,-124.158666330934
-113.227528531024,-113.352385232278,-91.7386238148755,-91.921538280497
-101.307331023567,-111.140392448787,-105.639627087261,-128.113575376532
-83.9859577451813,-112.596100624729,-112.023516536235,-120.093600279855
-110.288286915457,-124.61296393372,-93.217563353971,-131.467039814073
-108.837801141815,-124.347427149969,-104.895019463698,-125.571641074125
-102.412394976428,-119.063414903612,-120.662459577143,-110.360560026227
-91.5652911132491,-125.846515374859,-104.953205056775,-132.974985458821
-112.360331269427,-119.466970082669,-121.247145601339,-127.888169192724
-104.369870578546,-116.478017104454,-122.600975084593,-140.579471610911
-99.3787674958652,-112.65895822398,-115.634733649725,-143.676918239398
-98.694341362995,-110.430531348287,-86.7116419550303,-123.157982178061
-110.027851013276,-116.582721067039,-97.8247988238461,-131.018994766189
-111.169418756194,-105.099339451716,-131.519145431641,-143.240349412358
-95.7160340109197,-110.871595058308,-93.3436859012454,-119.815909299724
-109.043599936021,-105.775256817271,-117.775683652044,-136.474438972567
-100.88617793456,-111.166153477019,-91.4253662450061,-141.147134953078
-93.3979386930046,-118.696732177492,-120.346342047631,-112.797655571608
-97.9684601884192,-122.941331527428,-108.448711209522,-110.652463107513
-99.9580822113034,-120.047871843087,-103.61700418951,-129.239826168711
-109.436875317946,-117.604306330843,-111.214149499327,-132.459296742106
-93.8499950108046,-122.930720010925,-104.694555194353,-147.911126122715
-97.151351453018,-118.642129571542,-114.054020709895,-110.61729388047
-99.4317535133724,-124.253502807652,-120.903898416613,-108.446261562135
-106.911977205023,-119.066881352451,-109.191614164269,-142.314460640802
-95.8389332274375,-111.776471504768,-113.819785977075,-127.337933300464
-106.719761991698,-119.780237534799,-108.879946913032,-121.418173656617
-110.869188491133,-126.803409185454,-109.629990056422,-103.20783713126
-97.0044935535776,-125.190161243765,-110.257118983771,-137.535104431882
-106.773519784558,-102.77322962032,-107.704622380386,-132.836693833495
-108.914153407051,-96.3819967042166,-118.766273890984,-132.559972985859
-85.9677784718605,-106.430357681266,-113.487560048125,-131.978446337174
-103.50552986293,-93.2507991507938,-108.471834116204,-121.417328109379
-99.6403248648442,-105.579746255183,-104.549220480245,-134.46313997367
-114.446304876334,-116.359323166768,-117.695078841774,-127.016488262496
-110.756276187861,-120.012992516981,-118.2841426789,-133.46583157861
-110.195326699512,-104.779002080731,-115.407429056585,-118.424790261463
-99.6041906557666,-103.100352464576,-100.290903622066,-107.076244837877
-108.897486907744,-124.796145059696,-114.839977848102,-99.4071133570809
-103.263412724584,-109.680992836414,-109.899987890915,-91.0516869167157
-115.997787405501,-115.159991828737,-115.634163163026,-102.001763014317
-116.217772984407,-111.438660805744,-120.726121477145,-94.284512724261
-110.885401620331,-113.900519522638,-97.9846578796117,-122.107059050652
-110.289519401654,-115.727293638914,-129.150024775834,-109.982831948585
-111.026235838392,-117.880191772274,-99.3293428088678,-106.368426414437
-97.6165440129365,-114.703703553415,-123.865010599107,-102.466127491314
-108.768928873449,-100.887158419579,-116.938168192352,-124.487906411049
-111.93657273223,-105.697652005116,-124.046443730891,-77.0807054590699
-97.2971762548226,-108.753859288623,-107.614876882794,-120.30529968265
-109.103462583806,-125.131209740619,-123.03419722204,-126.351877753043
-91.1163515131522,-122.973501817666,-134.451476562189,-113.38313274612
-111.645493022603,-114.093017817551,-120.807821456342,-104.881576689602
-99.5484580942825,-128.14555556742,-127.965720971546,-116.588062300138
-110.033696962889,-110.638051653012,-113.791513241294,-120.15753592584
-109.050867568596,-102.143793417953,-115.407070347914,-137.694632199863
-109.790730958932,-119.83740120295,-127.650998062499,-131.463884032835
-84.0698245635536,-120.738001946979,-109.294672494621,-128.500832724337
-109.58412671336,-115.538610606703,-117.545434532744,-110.034190213739
-111.406602509047,-108.802264960622,-114.710589169122,-110.578973861768
-110.037240776061,-118.637956082644,-126.620381342973,-109.15729157053
-94.917525533343,-115.744405706849,-118.530178102092,-104.476601099681
-115.405777282282,-113.086570390639,-97.0496890597865,-110.1437994009
-85.5733368284478,-109.293009566678,-127.634465022772,-133.933067538259
-112.237550979589,-124.038555745367,-94.9967470955855,-130.937729310613
-107.318978323127,-101.857580874391,-108.163842146932,-112.811704541367
-110.910194286955,-123.220215693272,-106.570969073063,-97.8468032039193
-108.891263792372,-118.889671136404,-124.755998862854,-83.7905246983707
-112.720363685659,-99.1507510396931,-122.792157168059,-133.56010030358
-111.938159724408,-93.8840949511731,-111.256762422307,-124.840198013735
-93.6289038672251,-120.532837805372,-126.433715240547,-119.283455759655
-102.638620958322,-97.2374997952377,-121.218867128192,-137.658153268175
-105.304833170268,-120.070056659221,-122.185445088162,-86.2670994952097
-112.641202079951,-122.046832382617,-117.514530226325,-142.87191873908
-96.1992519842252,-119.162734647003,-123.924582245725,-113.727552519411
-113.21988438383,-122.761647363139,-112.368413634172,-94.1069390846552
-96.6865506129805,-102.140507654657,-86.9710608421211,-140.087885181471
-104.784184626505,-115.857701379576,-112.942415321042,-146.673199546749
-107.480069281613,-107.030300788375,-118.318331457082,-101.744375523004
-105.362117325275,-105.182260353482,-103.33526170726,-106.763683666131
-93.3652339567242,-130.667123144403,-105.635851521514,-121.241020387163
-109.241106315222,-104.849865974508,-102.401153110278,-125.892949799573
-111.417891701181,-111.392812687817,-113.101687943312,-134.796813735874
-96.6943102700249,-117.824019285635,-108.828237105884,-134.048401884184
-92.0491474461385,-119.274486074603,-100.534267128938,-132.26492782729
-109.619439966139,-122.50786456179,-107.08465381175,-128.06842213392
-114.07285041673,-116.24815397814,-127.277503878159,-125.345503178409
-110.438580247852,-116.94926004815,-124.568603919179,-93.5546005550818
-100.637847360551,-116.371145570885,-115.138789810279,-144.70336638245
-100.033377336189,-101.69765551057,-125.53937069128,-96.4373422874391
-112.317586709105,-122.193817243323,-114.665840811307,-116.986538062954
-111.684794801316,-122.809161235463,-117.369053055589,-140.038549292027
-109.956411718705,-109.279590091964,-120.044467784688,-108.327169185375
-110.599494148066,-113.635081001676,-97.7611360136292,-121.1555291645
-115.466802076933,-120.512286649801,-120.211475055516,-132.255307347908
-111.494440174855,-119.830883160233,-110.769910921343,-98.3318321068474
-100.604233558071,-120.244822885934,-124.19782802439,-142.132490794475
-112.765620775282,-101.252667237474,-104.938376284277,-105.195407164039
-94.8297061663139,-106.848775792899,-118.880586589893,-121.870364589098
-96.8433845783491,-125.410663902732,-124.544520449008,-88.7557520126368
-111.810658320795,-115.606642082628,-110.963011099155,-139.159437312565
-113.062478672311,-103.373497488134,-107.96392986044,-105.479082856432
-88.2949788933586,-115.786078843311,-106.555636522038,-143.479611812166
-108.801341703266,-99.005580011655,-112.401251910931,-119.301728638343
-111.122027888456,-128.278323140866,-124.420981093523,-135.211337736255
-113.406950881855,-105.494252585888,-126.47796577899,-140.52248510319
-98.4145935973335,-116.961248102675,-109.00999725917,-117.761959398267
-110.673913969026,-109.933729570111,-116.928205772177,-119.0653057537
-108.856030270112,-120.914198468166,-108.678202809974,-131.175380354627
-97.5626074173249,-124.031647313571,-110.727086464618,-121.49297185508
-110.151604173436,-106.147752882368,-108.403299222907,-134.817435338103
-103.886446621877,-107.405131801536,-122.847067742937,-137.497774416196
-105.754855212775,-112.543220775584,-103.66559748016,-117.58055219813
-110.690925723173,-116.252303210368,-101.632531233932,-117.254302530129
-103.643978878839,-125.239162422639,-120.622021634221,-128.734015472657
-111.351970475034,-108.315701638792,-99.2105495627688,-132.361311610057
-104.427553406638,-120.570063006651,-118.698932353654,-82.6275405165638
-101.16973307226,-102.498612106304,-106.573044282895,-116.434636556578
-114.474774983049,-97.1512708644416,-114.826552501281,-118.021507890496
-104.803522126944,-117.634855590371,-123.846371375864,-131.282723760783
-107.601890969802,-110.553180278792,-119.263885996212,-82.1477008125359
-112.627984171685,-126.176515973226,-110.842343326166,-138.391507722467
-108.684344220605,-114.400139415389,-107.485313864549,-108.095851287465
-107.969214277105,-119.331183931448,-99.8065027866424,-107.814896481143
-101.126041385999,-110.112614632244,-120.012073184145,-80.094511435511
-110.788402686571,-108.263995809701,-107.130534196864,-121.115590295862
-112.559368748521,-112.844873936547,-103.393225187343,-112.466790216956
-114.557148511967,-113.211157123329,-121.369716697725,-97.7057652233012
-111.247129053373,-111.643456418635,-131.979233859659,-106.339151872165
-112.807297213248,-106.628383173178,-109.931623006642,-107.812121830098
-102.226952757256,-124.410261541582,-102.795743556787,-124.281119286647
-81.0944947561045,-123.5831505202,-117.038206356062,-92.7973676939718
-103.90773505691,-111.977808847128,-112.008435050882,-135.904782531739
-98.6690171552218,-112.424958258799,-121.203724010651,-81.396928832497
-111.216848260047,-123.887950639038,-103.448790448563,-100.284412469712
-101.454747413088,-105.725455338253,-123.170489276673,-106.270949505816
-109.634011047356,-114.680604386455,-122.724557450485,-111.49924291013
-113.438535579467,-109.33333762289,-107.00907302889,-137.077961007232
-109.633444249303,-126.03548175733,-129.48909683219,-118.285160445321
-107.947664904336,-125.068986755611,-123.172350790935,-109.7744515841
-102.579522555937,-119.015627552729,-122.475277395249,-97.1527259634559
-82.9963390874456,-122.643043995462,-98.2036262605554,-121.489074966853
-108.957005405966,-103.325864965967,-127.369324781746,-129.978049668057
-100.301036535978,-122.799117530634,-98.0721039897344,-100.907730056518
-110.861253188023,-118.84704573938,-127.936138176529,-130.497201580505
-94.5723648383133,-119.632790950039,-108.016824436915,-146.208696719979
-95.4671548058886,-118.753650906744,-92.1351795666727,-115.802058163012
-106.48918072073,-96.3873961683425,-121.968624243219,-106.009427801307
-84.7546391885923,-112.556943576372,-120.166075954648,-139.158980132672
-106.118987748453,-118.272216843044,-97.6319554088733,-113.55617320002
-105.594574342232,-106.301187333892,-102.356085191626,-107.654743703586
-110.61763759942,-111.902549050925,-123.685964325255,-132.015002430182
-90.6409827478545,-106.999548841053,-121.004936463185,-139.967163219699
-95.879772124993,-117.46849443014,-114.222720509953,-115.144828826929
-99.2382787019244,-121.589951689043,-96.7216997074306,-106.235353853537
-112.37391759714,-99.615529600839,-110.870589464697,-122.598735356118
-98.6735350780494,-121.007642555248,-118.195856153642,-122.896217764934
-111.230060177727,-109.070459078941,-104.271139501447,-115.578964935473
-110.360285528233,-124.29350876828,-114.548682024893,-115.003122008212
-98.4183962041643,-115.343753032204,-110.07888505429,-126.410337233448
-98.0506340909554,-124.668480382778,-110.526589420162,-134.49428159245
-108.578658410289,-116.766968633662,-91.9100011713082,-105.895195931282
-107.730128200518,-100.6517058742,-125.41037031812,-105.393707554915
-93.4517082210846,-110.769957841361,-109.865319030669,-116.178361721845
-112.003135794282,-93.4178103441709,-116.100309951473,-118.697549416063
-104.456891890167,-116.237888525164,-116.359708887919,-104.08890765008
-110.312591841412,-109.975419813408,-116.61441124414,-117.935441376414
-111.717894560946,-127.430952918359,-114.475871908134,-111.259026501812
-100.221172924899,-108.532246363308,-111.759143158335,-90.8574491919841
-115.788957401487,-105.819477450196,-110.009649545915,-130.441807190015
-110.450542961136,-116.629382792104,-105.571489596722,-114.706420759812
-96.7752578232601,-110.977942233504,-118.734376567425,-132.195091698366
-102.965752416292,-106.924029152472,-120.587388892958,-95.4797023850679
-100.638999849134,-127.38985303119,-123.930290668554,-131.214048634688
-105.390035571549,-112.285142134584,-120.560203844122,-70.5325428739299
-107.14827212147,-119.222683817528,-110.668932174797,-120.20294346147
-101.159552698659,-116.473322866798,-103.157531974288,-103.97344769625
-108.338736410381,-113.498643803955,-113.208352770442,-134.6676048808
-106.034220917452,-98.3522749612482,-112.289690531913,-128.761809313125
-93.1756321714435,-124.359855236458,-120.190439277225,-110.936621589281
-103.988548697987,-119.99706957141,-96.2022895692816,-122.455591696142
-111.473270893458,-125.749790158975,-108.337764620526,-139.052903249683
-96.724968261904,-117.965660900554,-104.672822840971,-134.861985355181
-85.6783810038365,-122.022557768779,-114.162535317294,-129.010205182654
-112.699811193334,-121.364479732551,-115.185043638376,-120.890993438459
-98.283577157285,-109.608210421839,-95.4189673963472,-127.560995001691
-113.747441487035,-110.0893045848,-112.538402217504,-125.242691251967
-112.423663023596,-122.782938504257,-128.783848728623,-102.844012624807
-113.119844941904,-122.313680774893,-127.668735537707,-124.206507157962
-101.313469429607,-123.128852590443,-109.036376460972,-136.059555341329
-106.462140275348,-127.457215283768,-126.212493940223,-133.644273663812
-110.056801581445,-117.65542772843,-102.582876393142,-124.413007076828
-102.406210065972,-112.686731889911,-111.507443968795,-96.8264203150773
-106.974652905551,-121.698796125185,-91.9986650920053,-117.951057791955
-99.8447952921952,-113.193280991876,-106.381867952562,-108.130510531499
-92.7586856323521,-117.069121993802,-130.546386925827,-118.312775661432
-110.000522637123,-113.93652863571,-116.411444704593,-131.279334127834
-99.2050849600561,-124.075827386631,-112.801553092298,-113.392638776247
-110.729065770608,-118.511594645644,-117.299749766673,-94.4807759763652
-100.518131839315,-108.532940985254,-126.241253389082,-122.308285632016
-87.4339045182887,-106.250624042354,-100.405410776433,-104.086616362222
-99.5650099905704,-124.596454137454,-125.469490268329,-116.252477820212
-100.997641878755,-94.2611129332175,-90.0503211472841,-108.16906490113
-114.90737673724,-128.311413936947,-102.829695548451,-104.454749370643
-92.011492436752,-114.774300380304,-116.762032067072,-97.5527661759913
-104.858906677915,-121.840367243219,-121.989876119919,-132.338162135246
-97.9465489291936,-129.250872013187,-110.209085780829,-113.780034418204
-100.256573854807,-115.259154359653,-99.9843589414617,-115.21670868947
-106.233424152798,-117.318795062574,-120.68566082442,-119.628542797228
-99.5817999057733,-121.733558141074,-111.17425252424,-95.7718518412532
-113.437569115333,-105.91119522679,-122.901804014341,-107.654306015127
-109.341356872091,-121.991667087704,-129.811819096493,-141.710285638854
-112.331757176365,-105.14138558275,-126.812373489373,-109.238708439091
-95.7239854065164,-121.542222499435,-115.531202546993,-106.862260824181
-98.5023006621563,-117.718234772273,-109.602386978369,-124.035440752497
-83.4388655056946,-103.569875963156,-109.828763579047,-111.283686355083
-109.609974597468,-97.0195764823647,-134.340033301181,-128.833812421774
-110.150914781948,-120.758169067287,-118.209902184617,-151.779112742131
-110.026730052745,-121.241037544112,-125.635148079698,-129.88131649244
-100.467317409457,-127.058802642819,-125.061980098122,-107.976073081524
-92.8615147705222,-115.587093994738,-118.114741199491,-114.722316693611
-115.054562854216,-109.980193987796,-109.044405210043,-132.924167195879
-84.2743957066845,-111.238209882992,-108.639027497567,-135.525043294178
-97.6423046638894,-110.453866603784,-104.140178985794,-127.325225815425
-104.104527474536,-123.158554681391,-113.112152542112,-130.937135200243
-101.36331268791,-108.302117949896,-97.5796694717876,-134.944466115707
-107.907177124569,-105.360469455521,-109.254057841518,-123.638086047023
-110.548493017511,-129.67021412073,-111.581490126114,-31.0966458618993
-110.398385999455,-104.299002973917,-118.731547638292,-131.103822658494
-109.17455774974,-118.360638919688,-118.411070639929,-85.9389041284621
-89.6776694058437,-123.749258042412,-105.565632881934,-108.992563384239
-94.1311005189772,-113.432543180302,-130.635326122768,-121.138007319331
-111.362139672007,-123.337195803105,-107.913683839021,-127.750837448536
-113.967926603572,-113.95136585414,-122.0418562065,-132.322729974725
-97.1617509262576,-124.531268795218,-114.227947808713,-69.8802076075379
-96.6348408731323,-121.027105654307,-103.34008129589,-127.425189895122
-88.0504542573068,-123.800843145572,-95.7409670959681,-147.544114039464
-116.364914138188,-113.673702905815,-107.768070709893,-111.736271985538
-108.721314152233,-117.487380544992,-116.141118301613,-103.220905718569
-102.117723396099,-118.439156893694,-87.9712888436741,-91.9184035622174
-110.87199646621,-120.832020695597,-101.38020085714,-125.777160047884
-110.244683071118,-116.159643074704,-121.603987135864,-55.6934370838399
-105.140201397617,-123.670941283078,-117.897306227604,-113.073193096489
-112.037813297621,-113.065456281867,-113.002850217281,-126.172597342866
-110.48068259954,-117.626662902758,-113.723308616036,-127.991644126304
-97.0844990375825,-110.456607092838,-105.674114739568,-127.777634135821
-99.990973742518,-114.44756488993,-91.8879381753519,-134.225079677738
-109.530428789253,-113.731645593677,-131.473298759792,-107.911914833649
-106.230590662649,-116.161839237225,-113.770225544686,-115.900473518341
-109.468928904459,-113.225343614847,-115.030653383528,-129.585330747056
-111.926109220286,-109.794385084731,-112.854866278524,-120.166622629332
-93.7883769077079,-104.784263927539,-111.459361484803,-103.867951516129
-111.682642349995,-116.100857421614,-103.751872452085,-118.83309049625
-97.6236173480244,-120.793613400265,-101.937439528305,-123.523224544936
-111.028897517274,-101.533930768843,-107.338217917877,-89.344129446855
-113.860160254857,-120.644922209922,-120.367809832603,-140.888756281882
-94.0447612387628,-112.606675330466,-120.399785403421,-88.1731011567956
-111.625101172252,-110.910414390868,-125.832780144905,-137.472906262778
-105.375653936715,-116.893696825057,-128.741000502793,-117.990475601992
-115.2290054074,-126.928284061135,-124.941159271875,-118.223085771212
-99.8792150128095,-111.741762480397,-91.7934160696136,-128.506534677358
-95.8898074742643,-120.297003803208,-99.8187031922087,-117.801222556338
-98.4968127994134,-105.336033796375,-115.469491323527,-109.19609216881
-99.0097665336266,-103.556881924079,-110.054745699174,-116.424268401194
-104.803593314746,-124.455984456794,-105.377787281366,-72.3475376259758
-81.0093222199629,-102.38842846739,-114.626634134445,-99.6701298685008
-112.064588875439,-110.207506403107,-115.980077532216,-101.633643366571
-112.926676544114,-106.208904092641,-132.812309529503,-150.143379433179
-94.3776156946614,-108.628680471666,-132.963019325734,-94.5967917296651
-108.444113574023,-112.988116184363,-131.615502510544,-105.75590675245
-83.7740360050319,-117.168260636729,-114.297751521603,-126.197371226542
-112.979019480343,-109.768899498679,-126.817651567323,-92.4911717807347
-90.9934006462451,-119.831594171877,-121.587847960264,-134.860312479567
-114.449414843443,-120.063956037934,-109.723990498271,-91.493231981719
-102.862875890761,-97.4356677236447,-127.437864485833,-139.153524519407
-106.178906384082,-126.348099593535,-124.277675636524,-103.679704179043
-110.326846188356,-102.661713240147,-112.826368887696,-79.7694920201658
-103.949235049661,-101.76578611535,-104.023153726985,-121.5299856322
-104.796520360563,-124.495734008576,-125.924531206592,-84.5554993285236
-99.292785298225,-120.364909320264,-95.6084760641362,-131.60409461277
-112.722214457428,-109.06406717089,-101.148238076134,-114.957027710872
-108.503390184164,-100.595631828645,-125.716852266756,-97.0211975328204
-91.674913781871,-127.744106030327,-94.4347593352116,-73.0842654911109
-110.603303925661,-114.047524516015,-106.423767083022,-127.103725048619
-111.601019625266,-97.8158194455651,-105.522774896092,-110.039775542723
-114.662801956388,-122.972422959707,-120.343760039738,-96.2944297400528
-98.7516971104107,-117.752883409797,-126.12227094485,-152.572257146924
-93.0371194467726,-103.241226589555,-123.863489233089,-116.506628340635
-106.44422564066,-113.114983077552,-100.379636845331,-110.383301346006
-105.551453248614,-105.317109609652,-105.791388673097,-124.811475747159
-104.336580984206,-113.450206445244,-127.701710707999,-99.1148298092789
-113.123557038374,-122.538803667339,-125.899911543966,-121.044030341522
-113.28326738762,-104.108135167639,-109.182422446984,-120.660666519889
-115.571748685281,-107.176659778631,-119.638097477392,-108.303901097168
-108.383673135128,-109.009748723684,-125.507237663867,-112.116452841276
-112.208403007582,-109.093655593305,-114.544350488658,-129.084079730043
-98.3076493979659,-123.331773831773,-111.375565614691,-125.455527492635
-99.7005900336865,-111.846226922992,-108.761430851309,-106.524355212311
-96.713926492608,-118.709779384767,-103.83686497572,-105.093411583851
-102.658526604222,-129.13675474306,-122.108795171377,-89.5113715933418
-109.493152787774,-119.490045128163,-116.786930110556,-106.387158082595
-100.959364651494,-114.732655896552,-111.166067364848,-111.17310066624
-108.283674650767,-114.12171495406,-114.701625681669,-111.701637300971
-107.467851057899,-119.585650933979,-120.805416494273,-112.042111349381
-103.461133774971,-114.463679481392,-129.609768152759,-127.738902320776
-102.034103190901,-102.512737666152,-104.123014172298,-120.468792930686
-100.584009369226,-120.493822216866,-113.309027103886,-123.770416373176
-108.486751347395,-109.227704873643,-95.7706395676282,-124.591160456045
-113.830016713446,-118.55802798348,-101.246314607789,-132.398917892547
-109.364908420815,-114.787740478632,-100.298305797848,-128.058402633119
-105.768236664885,-117.508677995934,-121.68984145888,-150.681020086431
-108.436448020247,-127.677421999822,-111.665557294304,-113.029575530051
-99.462263605649,-118.027734432035,-107.051245878759,-121.797572599499
-99.9889749606356,-110.127595424782,-127.205748187096,-115.862348463781
-112.069195231843,-125.101772124131,-108.949336217266,-133.010435682525
-110.57746881887,-107.477185944066,-114.622345910544,-135.298417662277
-102.969492981452,-123.653189085967,-121.877714615505,-121.27276169639
-103.965884990387,-111.840417529518,-119.275466427646,-122.432003885812
-108.305436823571,-115.589580271575,-114.41600982506,-117.621267920664
-106.211258300414,-90.6932035812071,-131.086839455009,-116.847030916209
-111.218558266322,-102.977632950228,-126.865297156821,-98.0343600164403
-107.858990556784,-118.68705271082,-116.818362999631,-95.5840772618594
-110.152249119438,-109.833804013979,-130.928149742985,-137.737060907255
-114.666473113108,-115.760609489029,-106.757777967295,-94.3805596936758
-109.818578280273,-106.024329763886,-116.526615091065,-77.4060667548998
-113.124844022139,-124.351232486268,-107.395189577581,-146.932796410443
-93.3379995903739,-118.259492979322,-128.693634676164,-116.123616258837
-96.2613797029833,-120.602410490974,-94.2862938119273,-88.532103303185
-107.373629654592,-114.314656222959,-98.4840576330076,-107.596631499571
-101.175150964131,-99.6827097633368,-105.327520475605,-91.150602927789
-111.962741189784,-124.965874601368,-123.969983252049,-119.866817949049
-113.388762222523,-100.772110310705,-114.786064238577,-107.662951695235
-110.508731647076,-119.490478210129,-113.190777592521,-105.529966134656
-111.733764844791,-108.892302145387,-109.917285501783,-123.287107832413
-110.577297523118,-115.742733901258,-113.124089832817,-118.344980032336
-113.858982612379,-116.221989706042,-129.777857929019,-83.9558455038625
-101.584789240197,-122.878326551028,-119.237118199523,-86.8471704158624
-95.4797855812216,-108.967236783151,-103.099581624168,-124.860065216827
-105.266894169627,-114.00646548056,-123.524026498696,-103.412423955981
-111.096133538683,-121.485938345172,-126.98419922632,-87.7304570300954
-99.1275978229599,-122.450921358882,-128.577618427718,-95.2027325179607
-101.762470537285,-99.6727768800995,-89.0129615056218,-91.1132622883875
-101.368984257345,-116.12957771099,-124.477154454057,-137.642249038725
-105.340647849884,-118.556696797801,-129.73009468468,-122.536621500478
-79.3529901190706,-102.762470978329,-104.414155177064,-116.520792247198
-86.735792062351,-124.511448097561,-97.6340840561708,-126.547697902004
-107.690282014225,-109.773096063814,-125.407311913949,-122.089087617685
-99.8732118499011,-121.84558888604,-116.762750240996,-80.1091078209766
-112.295633803235,-111.720343517094,-105.491628150489,-99.3614481521625
-90.769575852936,-127.580329694903,-104.99340153958,-86.2895316681803
-91.6705761067878,-124.227007463219,-115.600379676758,-112.032342917
-100.892705508471,-117.724173133068,-110.549845976463,-105.578836103816
-105.751630777222,-92.0660808055857,-109.77686266199,-118.458797782007
-92.6941622816382,-122.608215890481,-98.9212327793423,-99.3258713152958
-108.448265651656,-125.321060076221,-121.783280726281,-99.9657903248216
-109.931443062506,-127.195053248817,-117.778937297479,-132.564688009121
-111.52872711571,-107.0967729538,-127.100062392717,-111.119934154725
-104.043423538895,-102.435546317874,-121.012541501577,-125.901687159947
-113.083093757851,-121.406040067871,-108.157873183408,-116.332028563948
-111.416919273579,-121.50346478592,-114.709344075749,-131.142070458325
-111.226779634692,-115.860521864221,-115.06890588932,-116.826351609159
-113.403252911958,-104.084279210249,-119.375927262081,-100.148474873153
-112.000386881956,-127.93296496814,-124.358650030832,-141.999143036463
-91.2259896446662,-115.539371349429,-115.954269580975,-145.513456264801
-101.468862308624,-87.4443957873036,-109.87602754523,-107.431018127754
-111.324254186152,-116.814344768468,-113.014366609389,-120.810434082212
-110.983486556929,-97.4189595050554,-125.213465354514,-99.4882967634484
-106.454795460857,-112.552339078393,-128.020052950941,-123.090100277619
-106.476978497114,-115.541533437283,-129.164110555907,-94.5497449402257
-100.396158287729,-120.607288260605,-124.795265211652,-118.41329485702
-107.955340942316,-116.710816959775,-119.407887446874,-128.803940164857
-112.973062813184,-96.6229688726518,-127.596708496726,-108.598649962734
-111.175748374243,-107.236774632341,-128.616568026527,-108.743690934946
-105.8495907435,-123.720990821671,-102.765133417007,-119.120739908563
-114.560762314335,-112.99389141374,-102.907224579354,-134.31249459634
-111.216504295043,-115.827468866452,-113.732790061212,-127.495105605644
-100.184865573692,-120.194733721966,-125.177672722548,-143.026561467025
-113.427957054708,-127.570606923053,-112.006961139155,-115.096876412158
-101.437826427371,-111.415801791921,-123.201546239229,-125.331685465699
-107.44816831802,-106.64135526692,-110.233285891742,-98.6800853970057
-83.8357987258678,-121.881560349544,-115.31280916068,-147.118539275739
-98.9460457627855,-120.767763714812,-94.8584326229525,-95.9321154009309
-105.144787651505,-114.137251020034,-91.8692146276934,-131.576460121858
-101.784851794707,-105.036926037292,-106.628411318723,-97.3518097263106
-94.4862192042442,-119.364994231188,-123.48842680363,-119.227661102756
-111.071311914987,-116.646012795348,-94.0827468869734,-106.654001216452
-110.236678386833,-114.387558586432,-109.448915704494,-96.1576158869432
-112.701918246529,-122.250424869457,-128.046306056103,-80.891315054044
-100.929787052036,-127.300433993892,-124.44969540539,-103.452610046439
-108.921978872348,-109.822494675484,-103.762229459863,-132.421315860505
-95.6703452897079,-119.310497944653,-100.435883805332,-124.220310891664
-113.846494076188,-110.365280052641,-125.078162953885,-136.867248880079
-112.255170527876,-114.302869431306,-120.638399964451,-117.311743179702
-108.429453221618,-106.338483149468,-112.18621782238,-93.597186316812
-109.058382105623,-124.01322249124,-105.484087419834,-112.285792112828
-110.997403111994,-117.626203979743,-128.439087411605,-112.348822912338
-110.574904162086,-115.984928511867,-115.314563277854,-135.837033230078
-110.875057197231,-125.708956875819,-111.714231346663,-132.113743404473
-107.698684019634,-100.250265124004,-106.970233474529,-136.85351319293
-91.5490902696981,-101.914168702425,-118.350855879044,-139.417696098828
-112.540779512992,-106.210126885007,-101.087390267563,-135.656543191285
-108.77994263631,-122.015201120154,-111.21215826186,-105.810431562944
-103.977020297642,-119.250534372863,-115.624488223412,-116.553756247061
-113.254240266344,-97.3894380889116,-127.838764559819,-128.893166303751
-101.74629343483,-112.489326646976,-118.159022783676,-128.171395555801
-113.769740944634,-112.69172319226,-117.419741261179,-126.696988230089
-97.1600614582537,-114.065023020171,-102.348906334651,-134.594849286099
-110.163444289236,-110.28871708906,-96.6081933174081,-128.388080859814
-114.309631617204,-99.203050104147,-119.927657251202,-118.672998956453
-88.0348431158499,-108.996003114578,-112.190456609775,-120.30905866257
-110.827623247476,-109.989561131303,-89.8684146745948,-89.0430187560609
-99.5298070778371,-116.932292391749,-129.373814867332,-87.1850204436887
-102.333934830503,-94.4739150057818,-102.939406589882,-142.500491508321
-86.9706122914921,-108.051770152333,-114.302525291603,-109.154697033894
-114.348128770282,-115.181644813743,-101.709692710617,-130.846934831402
-99.7369447246582,-129.205820562628,-114.28754925522,-134.609212346428
-98.8715395596634,-98.1942976663225,-115.800214330459,-147.117822559624
-110.567376353984,-94.7388142120321,-120.585748509442,-105.012007303001
-111.245262698739,-122.630686228831,-97.9981855219487,-121.239511933195
-105.996027087306,-107.98363440088,-107.911989877983,-124.962218936561
-109.82021686199,-120.438172226962,-103.436036279763,-103.792553949509
-88.5916555759655,-123.325210652013,-94.9279754772874,-94.5035873956784
-96.9577581220986,-102.906836623891,-97.1438144665384,-108.958530007797
-104.978618024686,-115.403688090011,-90.3861711960841,-143.117639499745
-110.676063796265,-117.849988656904,-100.573143138264,-114.190905765461
-113.736600511804,-111.917405641788,-109.438444980394,-129.294599070779
-96.491845635679,-118.238333690211,-114.43446560152,-122.35187781469
-108.792008912377,-112.247715200118,-129.476497549036,-131.66861549836
-101.810663227771,-117.800679959498,-124.794013214297,-133.234096116605
-111.940045906609,-112.673906219739,-121.421506511148,-131.577415299134
-97.5341544939142,-122.584114647102,-115.761571307525,-115.033490538985
-110.977187044977,-101.737639191126,-101.00733711016,-121.057567103003
-101.530231999964,-124.019083492199,-110.457657544978,-114.932003840272
-96.0952281277576,-123.155643663795,-127.844072437266,-106.410979932145
-97.6319240353174,-106.363851936292,-122.32481370607,-117.724067979449
-108.885472935635,-107.066703217582,-106.169438480861,-116.316718031556
-112.375916042885,-121.06449247881,-115.581323957407,-117.680429374978
-112.261859239432,-107.272036298107,-99.1979416405016,-117.380254367196
-104.109368097145,-122.422316785083,-110.649723833765,-131.906694994179
-114.863538114207,-125.511682232204,-97.483085881079,-135.770807721292
-110.443226827242,-93.6389146874973,-108.12914858497,-148.528336662732
-105.742543216782,-120.563329568829,-123.825593556309,-121.824289310118
-111.192769439206,-108.115557267491,-111.22332607933,-115.149150390705
-80.0641535695603,-112.556450210933,-102.237007737629,-124.378419306261
-103.743188922056,-105.889635641287,-110.526614520922,-104.171676748876
-112.696797872026,-120.469176713876,-129.204754255866,-127.336321786818
-97.0090850643806,-127.113876515502,-126.833854033494,-106.665788865995
-93.0671228933623,-102.367760606588,-112.782559695285,-105.665891388136
-112.431552545292,-100.966281071414,-89.2640655293335,-107.065334199842
-111.032988199322,-128.373852568523,-88.0444977085727,-131.768281254336
-108.574607572278,-118.167507621293,-107.963231660881,-118.867739645575
-110.744685853145,-120.657097004209,-89.46620908073,-109.15340149897
-109.655737866417,-108.859625178466,-113.994273976671,-130.991447567279
-82.5310765140303,-120.147090302941,-113.735745159676,-113.119241308439
-97.3071780712714,-84.1522391618592,-112.566148545026,-141.252892811701
-111.529713809999,-123.271167563053,-108.850803735005,-134.437358262243
-103.606354413922,-115.436740315692,-95.3431393005212,-116.498524326361
-99.261395193442,-117.95909315202,-125.981121002895,-105.993667524112
-114.610095528928,-122.087539524317,-117.727508624899,-123.536530014025
-88.634868101846,-105.37172785442,-113.055451580706,-123.133971343969
-97.9502010167562,-108.254113563563,-119.127479405651,-129.582079655333
-111.151813413716,-112.44572857192,-117.937037278487,-76.4267936018486
-110.223846226502,-109.34554332353,-112.174414046267,-111.720102147095
-95.0209421514683,-118.185728580614,-128.067501939131,-117.818799680515
-109.769835123509,-110.104228410583,-105.114862946494,-120.561725133303
-95.4332949841172,-109.7208681731,-120.000302246181,-58.933288989576
-107.894909547798,-123.959212958112,-119.393467452594,-75.1079444657882
-95.7056615630289,-119.184412299192,-93.9487423352418,-127.570350828867
-113.422258933397,-124.001324376757,-121.808369693222,-127.80630676477
-89.6579465415739,-111.475892979666,-98.5051757595069,-113.59514869958
-94.2460657281393,-113.276450042034,-115.146968679215,-129.997907189792
-109.891929937984,-113.219344027064,-111.12676182788,-127.27323919401
-109.953887092488,-116.361914883147,-114.795216234509,-127.065583703495
-97.3070957671618,-121.181539288654,-123.751360088011,-118.326578812189
-109.1798429585,-124.698049012486,-114.151074147581,-120.19016079085
-102.958427596906,-125.650065109688,-107.96833342676,-86.021743229674
-101.202336400317,-115.69799059452,-122.312044729831,-98.2080128434367
-96.5127674725501,-118.950455466964,-126.306129098304,-127.519704840432
-96.730331540078,-106.13278620617,-130.050093506053,-111.393789071174
-104.985759000423,-126.826823703206,-123.199230849519,-130.696125896592
-86.036887623062,-109.803860633301,-102.272752384068,-98.4432863669885
-104.801955020287,-105.841084657663,-107.804424723939,-91.1665285630962
-93.0932813270406,-121.323699479129,-121.06723113548,-101.751067370791
-107.642142836333,-124.452889096525,-108.406445940932,-108.773448664753
-111.294375464639,-117.835253981423,-111.05469705121,-129.660936074071
-101.415461462843,-110.494229704209,-126.316291757475,-109.831803925512
-94.5011826415807,-125.727363823871,-105.312620608474,-93.8781058014018
-107.637118350992,-116.917233188421,-111.537516652086,-139.606180669657
-98.9876869865924,-111.084237448139,-113.112202257267,-113.474721238208
-99.8250078367206,-113.595797870861,-105.763276267879,-129.439543644653
-98.4759854156803,-110.950829076989,-128.571308263309,-121.293120446039
-91.5268202674413,-117.616222828904,-112.70260871074,-132.914453603998
-101.753426827852,-116.249327518029,-114.985936017985,-131.308244133244
-107.789538576829,-114.991106497636,-100.01416458969,-108.467774625761
-115.574904663385,-116.581488849332,-113.618595685299,-125.561920466437
-99.7574427611171,-121.387818185294,-122.153158612064,-131.730977432649
-116.053432029932,-101.865705840281,-98.6775741620712,-129.263081997522
-92.8840179865092,-124.418541969135,-123.335062430405,-126.968201633519
-109.563271126156,-121.812500671473,-110.932965642259,-145.870616518571
-102.07712746494,-110.960982709592,-128.213959449961,-112.309192341741
-110.818109306317,-117.634515053643,-105.542679417283,-129.813863132919
-95.8433355251483,-107.708960106279,-104.519438845474,-112.097445160404
-109.725977155625,-103.629885058286,-100.356422313112,-104.321468165656
-103.113302938975,-111.358357742924,-105.653571624856,-107.627074387741
-108.507271460069,-119.374098917813,-111.546878702125,-110.056011095966
-106.219499120465,-115.555593048253,-102.100872389219,-129.343282683758
-96.7118741018623,-125.635526142957,-119.460713063678,-89.2374822099565
-113.75736810253,-125.258119444265,-101.138346319239,-95.4151281382669
-107.672793202303,-119.990364745495,-116.708231272184,-120.619480292561
-112.845710459716,-112.499924025097,-126.78222665749,-127.468773837998
-106.962095682982,-113.02225441607,-104.814269391234,-115.634805427147
-112.430850852157,-101.962902758481,-105.859987994368,-133.221924192509
-96.3524183435217,-123.664814486682,-110.839879109909,-115.238575963961
-104.63113618537,-114.182316130504,-121.970990791305,-86.2333663926348
-108.410117704381,-109.318475375088,-130.31904962053,-102.421060156122
-108.652617237546,-116.446832634698,-113.495763887304,-119.965624214921
-110.346932151511,-121.120056335152,-127.530811661004,-112.22536412217
-89.5182957492424,-112.431952863776,-116.204289951835,-94.3973856802126
-109.339473542297,-118.180944301483,-98.0707689084359,-125.390992243998
-102.103634705427,-110.280929917373,-118.585140935378,-128.425019480133
-113.354396266565,-102.635734043826,-113.854807815582,-106.499541889278
-97.4212772980264,-107.295046331794,-125.213323857625,-141.874064129077
-90.6694524807663,-115.2925302988,-120.473100233047,-121.842128624661
-101.435566047497,-119.115220775285,-117.213380727166,-117.948913214276
-93.7017362351702,-113.738894178542,-104.642039177966,-132.649330407336
-110.519875440367,-118.979431695293,-97.6434745771992,-88.8580130023001
-95.4918521173491,-113.826156685433,-116.256611062899,-107.318876214473
-96.0277020014128,-120.630088068719,-125.212400772621,-130.711195256725
-104.910994581903,-121.887704429288,-110.234707526234,-65.4047916718978
-110.963110369943,-99.5553086632178,-102.583308838498,-100.716275069461
-110.419735758665,-96.5560330093822,-106.079927227088,-144.269378381015
-108.570002120843,-125.572755809684,-114.334061210047,-116.701056592549
-96.8647931047417,-120.091934574814,-101.141652549355,-141.155103933566
-110.33473267078,-117.936691807269,-119.304906903032,-138.017217258745
-91.15805985685,-94.7240693455218,-100.168799188602,-139.014899530726
-110.701465938497,-128.725697135617,-101.482671959018,-119.388954679141
-100.284174573262,-106.864709892455,-98.3806787764715,-137.477745489987
-110.127929645243,-121.934926838951,-99.9881455125678,-128.422709407851
-107.236215759443,-122.163953166641,-117.373775949977,-97.678573990043
-112.915183282997,-121.751037518621,-129.258302611269,-141.542479838528
-101.684035077682,-115.104204677797,-118.522071153456,-95.2835138305618
-100.289638597773,-113.002230679223,-127.063406540924,-124.805812524253
-112.143656695903,-122.645607108244,-112.542394012265,-107.025268475198
-108.877733170906,-121.84280485734,-118.072874309442,-112.81048874019
-92.6077559333669,-115.687113558109,-110.109937529767,-122.961554690669
-111.050254962598,-112.551103188534,-125.260862759382,-112.106556512767
-109.720523707766,-113.24664235694,-92.8563585633306,-145.459517593555
-98.761241341672,-118.871415384416,-128.023506596769,-111.166634285098
-96.1793446815125,-123.46234373458,-111.747780842162,-99.0885429517195
-110.19903780263,-120.102209380903,-124.159711189269,-134.704549376384
-102.91376286569,-109.031860785376,-99.7409514942489,-124.897580589278
-102.06640135949,-124.498518777601,-101.552772447088,-114.366575215498
-105.493513251217,-116.790395989187,-108.644176002771,-121.328765725759
-112.664137078984,-128.304670273313,-107.004608951366,-74.6927725216184
-108.725768154615,-112.094774394189,-106.924741040226,-134.100674920238
-107.111538071964,-115.139777696383,-123.319582878877,-128.60859628107
-112.448014150306,-121.733550767547,-106.890474961364,-98.836320270955
-110.251258886333,-124.92233140338,-106.767172978739,-123.434051899021
-108.131711085544,-114.561687523424,-107.268589922896,-107.598306223532
-109.998709320017,-109.395322675495,-112.951593648584,-110.263972377873
-108.296860368254,-103.023060496937,-109.152077088621,-122.113570178026
-103.934483524362,-92.0819723800993,-122.792710416802,-102.076948838475
-85.8224855610799,-130.201173018025,-126.465397616108,-124.510240198147
-87.3518762826003,-122.14380438674,-122.187592360999,-117.874286965513
-94.4319196756219,-128.613832735683,-117.227404118846,-124.358653123721
-114.387938456104,-98.0026711012956,-120.712131670655,-90.1004228298755
-103.17524249673,-125.488232320035,-117.509056429548,-121.75251430077
-107.108820030954,-112.514592257364,-111.815986957571,-106.359237820481
-108.420088803715,-126.861062655844,-120.258887575637,-114.428468105465
-97.1895712420562,-94.8478286353749,-114.977355332123,-95.8477923839112
-96.0405679131601,-119.190322683277,-110.3600048501,-132.492369409561
-113.649601398682,-114.487405213717,-90.4757904900434,-133.86535833205
-111.404852338661,-127.409849561377,-122.715626946123,-120.612359483294
-97.9179543564344,-104.963322713132,-118.448723025762,-139.142244670405
-110.491608794253,-112.558791007839,-126.408705959178,-120.297414052987
-108.783934828517,-125.501030955315,-128.9183226296,-98.5425891556902
-109.527315663157,-104.835915723487,-124.332737425127,-114.293375902765
-112.917206696125,-103.518614018012,-118.26652713876,-126.92999279643
-104.764629901246,-113.349213242275,-99.3155486643432,-109.771027371471
-109.906832608912,-125.158875775412,-99.6464671403733,-109.938611137201
-110.849288612279,-119.608227357548,-119.725393816924,-124.639768247675
-100.657253191088,-126.124838504257,-125.986220571195,-143.714390561956
-108.801322816334,-111.7060794509,-128.983219457989,-116.806986540265
-108.71097219436,-92.6601647051603,-84.3012440058368,-103.462514656662
-99.6936566103165,-116.14595353661,-124.330653726915,-101.276366765287
-109.13374278773,-118.944695108626,-102.464290431138,-125.627239404181
-106.299189554668,-116.524131944166,-115.08652092858,-128.188828118291
-111.431450701186,-122.711373083515,-115.03138546357,-134.179885873993
-91.2643269711122,-118.007895039584,-113.074996952732,-119.560222532301
-113.437878718223,-115.236167686375,-109.257907768992,-121.955454275596
-115.599064870028,-118.935361943141,-94.9444515998314,-80.5577774799452
-93.7155347168962,-109.766568020985,-101.119942006341,-129.205352187601
-110.712185359488,-119.23390512064,-126.707130715106,-100.494532836167
-111.128526605366,-108.056749800456,-123.485338133211,-87.68219284587
-106.015301014602,-128.869424229177,-129.368774042373,-132.084282442078
-98.6134911481431,-124.917338447369,-117.198453748537,-116.216522836742
-111.314177347232,-120.272186087119,-117.061018261448,-127.351632870862
-108.416564099431,-121.275549956737,-129.098131406388,-95.4223212454042
-106.868363203012,-114.360504313944,-115.00917587713,-127.608188095794
-110.123037862975,-119.140286941186,-112.507403850521,-108.144099822767
-95.2371109981052,-109.618478854058,-108.250515668365,-96.157398549945
-109.920393980939,-127.241982997761,-119.635140871037,-119.512144268922
-89.6344071200487,-123.756335014997,-116.513386969102,-97.393187039062
-115.773280238986,-119.720801242449,-112.164272473578,-114.367959189947
-90.1600197913713,-127.677783249602,-124.841876077493,-135.355503942774
-110.506801908589,-114.201947103922,-122.780820158649,-96.7413282141768
-112.861337207319,-121.180246531595,-106.962373323669,-115.924908348948
-112.474655703709,-120.297244143534,-93.9654023884205,-123.983364940874
-90.8346036370852,-68.5471818224548,-117.129146843433,-146.403963292585
-110.321306599962,-113.992313415605,-118.783995926754,-125.234762797653
-91.9314874314364,-114.888941309457,-121.4479536152,-122.547986544369
-106.246623927103,-120.107684899164,-119.877187772625,-115.084390875205
-110.727958667179,-119.96544500232,-114.476606202541,-101.637686891144
-95.3346025282696,-125.309557892467,-110.929747110523,-97.2284844903544
-112.867957754173,-121.862579109928,-100.196332133525,-137.938222543793
-105.156622532663,-122.492702665142,-106.528106796043,-132.245304718855
-115.180085660351,-114.061401128049,-126.982643461487,-97.3436837242917
-110.779958582586,-121.911817312806,-109.423232863893,-114.602649058509
-107.293030411395,-94.388878576035,-112.359846682602,-116.473307044191
-110.783470079586,-115.53095178945,-116.391316653971,-116.858263941986
-90.9256733664084,-110.69572871101,-113.287088625259,-139.096704638049
-113.343211072326,-119.634880243241,-111.791226356811,-118.66265298932
-110.90698289388,-101.30803618997,-120.743175475787,-115.76274141269
-113.520148231389,-121.233347540097,-116.736964988231,-109.675597482335
-109.512380669861,-121.26197525943,-117.868774273641,-118.972019036272
-111.991308909425,-106.053104958163,-96.8822322471997,-90.9661545363133
-100.401432909055,-111.632613608211,-119.609916696517,-113.879270118371
-108.317341856698,-122.106780655561,-107.681309331571,-110.93102485682
-108.679295182132,-115.773935547653,-125.710672193806,-109.709877820994
-107.876318856974,-114.045279083336,-119.941010504058,-109.467771110172
-109.305918497565,-91.1511846767595,-108.574837688396,-98.771262854943
-107.18262566332,-117.073262194699,-114.199287510695,-141.537252369553
-110.902819198661,-111.286651482537,-120.275242930312,-132.447359780791
-103.091952042518,-127.815303867561,-119.157889336541,-132.087295349493
-109.850059100446,-123.546896231443,-120.661294032535,-111.208207296355
-112.152397533212,-119.237085822448,-119.222631029714,-121.35875822957
-111.190893030185,-118.327820133597,-120.091006217549,-118.442657474825
-107.435159965456,-120.393415488617,-114.844100451614,-108.462299400779
-90.9928302742616,-119.313952410676,-112.308577526683,-107.058243274709
-96.6148555309489,-100.895648376078,-100.743870598942,-128.292648392748
-84.0354181430725,-117.211690375474,-117.586561569494,-105.557495751796
-104.973398111605,-118.642290482647,-103.809023323206,-105.435775374443
-110.298418914668,-109.644321201613,-127.950147978341,-88.2690257945746
-97.3279069610189,-118.666026213519,-114.468005692151,-79.6673726008182
-108.557583927622,-97.6588660570413,-104.444024244299,-106.733661456059
-109.237493156478,-103.33078160082,-122.348310421757,-120.336929137227
-107.890063337707,-99.1441179275749,-101.288695900283,-110.865143718293
-100.770629804747,-124.894252751279,-129.675503845834,-115.412588799427
-105.411494194381,-124.79484293639,-120.457068754855,-120.488037244824
-105.316108528345,-107.011387235958,-100.849474601994,-123.46217895147
-100.537789563894,-110.577065263998,-108.587308137955,-122.170124280678
-109.280433063054,-128.404165971991,-121.655394480983,-82.2955311418405
-109.197779196538,-121.03780714682,-103.733474417306,-123.016846740737
-111.020653195625,-97.6474439754828,-130.944684513709,-104.574939618488
-101.15394826411,-124.093774698748,-114.336700180411,-116.467260184987
-109.494579134075,-115.231551546124,-113.999211139254,-94.9561217095202
-110.416820066899,-107.122808638105,-108.375477750363,-105.267708653231
-114.805225610966,-103.936461105962,-116.527750836378,-116.704495961051
-106.535766159071,-117.005381833542,-113.779036476064,-91.9905152011546
-108.043735320042,-123.213025712277,-121.06482818536,-127.568987570018
-96.3258125699901,-121.304240022513,-103.688036011298,-97.3119901091679
-105.759520537774,-109.575849111815,-114.152391140818,-126.542120167122
-109.480643287864,-124.775497357998,-107.007807827734,-95.172440734515
-107.778072959164,-119.504413994508,-118.303471365557,-95.582978048478
-110.371398665394,-124.598880343802,-101.974638193997,-108.377606084386
-103.589925662099,-119.888217281025,-116.426939864045,-128.340178485082
-113.889639028746,-122.322640945965,-106.069699846706,-92.0710622371593
-105.527297120296,-107.772012117036,-123.292414303779,-119.645221363459
-103.326837738005,-119.373582455922,-96.4116742822594,-138.557885337078
-109.618675831206,-123.916999717731,-119.222309143762,-131.481888042226
-109.612825768966,-123.400567750101,-107.851636058994,-126.175877345293
-112.380698334024,-117.37627766623,-122.558394185841,-123.831686710984
-103.151985199173,-120.356599396798,-117.385200638729,-92.5693484219329
-98.20666210686,-107.599540199542,-106.498075632388,-107.696564121356
-89.9972536582856,-114.513118401015,-125.463934218488,-126.045575952525
-109.083967224352,-118.467585282474,-108.285380230942,-128.727629930686
-100.162662131505,-115.176802845879,-110.83446918281,-84.7158624956746
-110.136757045053,-129.086499851487,-130.748802641773,-110.587215718463
-93.3256117737017,-119.961064604929,-117.111463098954,-129.233591118821
-102.897908999234,-97.4939493788561,-110.30671265931,-79.311066784707
-111.636279287966,-99.865178170361,-95.6086103436512,-78.7526660055518
-113.341626421275,-117.581476007033,-121.776184708512,-126.917260888061
-112.757471464474,-122.149979969611,-111.89392057219,-136.356288438871
-99.2188598892776,-120.429297549936,-115.467070932352,-127.023694067149
-107.872602774326,-121.980941418267,-98.9009606885484,-126.007999619857
-107.189958035074,-117.57359099467,-111.569394514825,-120.206748492027
-111.99580169418,-105.320221461647,-107.288681663552,-122.503068486208
-110.843408534636,-118.438167176064,-115.070842112856,-97.8188684570689
-101.872510650669,-115.379816854792,-124.390749573349,-100.010830764171
-102.074659688378,-118.110431065837,-108.669939099319,-117.7906066074
-114.269413918299,-104.145028706198,-116.948691759342,-133.7276960201
-97.2907658027692,-119.834505599924,-99.7772497101187,-134.355203227021
-112.231430354916,-116.197799630333,-106.848094399427,-124.227879737136
-101.24088384145,-109.056345802828,-125.133725027176,-107.90670431876
-110.039000027046,-129.007045119727,-117.175298720527,-156.855605650998
-93.3716240801197,-96.8161009059627,-99.625761315077,-133.708125797031
-107.753427811957,-126.854147672889,-133.221460097641,-106.644501539794
-109.815104282716,-120.057963743785,-119.914837153275,-124.528574138712
-112.492126166436,-127.643930285239,-104.805728185602,-130.763369924784
-108.499174850623,-123.465582104639,-120.969707244511,-116.369258005198
-96.3523979085792,-123.611912276133,-100.417243035906,-115.708121163865
-98.5241802088337,-118.286373509724,-119.579024461003,-107.935043408815
-99.3563223822897,-108.104537411998,-109.04459119495,-107.390216698223
-105.341964414605,-109.666624902804,-128.143431129024,-127.808257075635
-112.667788601149,-114.544219612631,-103.3526989533,-107.638967213034
-101.98901265995,-106.588003740847,-124.169534889084,-131.305777083349
-90.3893637123135,-105.639415249427,-116.282182930191,-116.07419794697
-94.1785414628334,-122.427107337684,-98.5238726098583,-119.857271880816
-95.8575325924064,-122.890406548921,-100.139561793517,-112.083745835735
-97.6478168332135,-120.872178526431,-99.3594227317465,-111.653911833548
-110.872038561099,-106.541620143482,-118.762168590517,-126.166458097885
-109.342191877338,-118.933673852862,-115.205773239974,-85.4351101496837
-105.424152112454,-100.269579235273,-119.522247108655,-96.9174963161956
-98.8171046878117,-117.758634318956,-125.29879764843,-105.010686502429
-109.800659476788,-118.384604804632,-122.690294361523,-92.1047224269875
-96.7932364802877,-109.346100217814,-106.093551614488,-75.4904341992925
-110.283493254947,-111.491035752426,-131.38497168335,-114.654405995005
-101.216771267255,-125.771857051766,-107.108678669852,-139.14504091641
-98.7162637365169,-121.932807285855,-125.610536491217,-134.546309319654
-112.024246958267,-113.185080197533,-117.64201570759,-139.582108596002
-94.6029108053906,-123.361228068881,-128.794748547148,-107.312718449638
-110.325592137972,-114.331690179044,-115.721497661148,-104.168713141837
-110.145358882912,-117.759318285765,-125.769289323022,-113.248933087141
-111.914958713699,-124.498540957903,-126.138594719698,-124.653932190176
-111.666991913116,-118.050333175034,-109.353171667206,-108.162374923873
-96.0821707275419,-107.300855341554,-131.192169618298,-121.839771177203
-110.442707033089,-125.725203891474,-100.962335566597,-135.456778619283
-94.9933308813887,-114.493076510708,-114.637601896716,-138.470092108648
-109.119854540877,-124.009570861552,-124.170049351614,-106.203637423299
-111.492474509763,-99.0713082586949,-88.1828715752188,-107.26022673527
-114.441283109189,-128.274407004051,-129.182527650942,-135.281947616093
-113.796601929259,-125.430265181683,-115.270382495309,-153.493575962855
-108.998905498463,-107.839678316071,-129.620706726493,-118.119189238837
