"V1","V2","V3","V4","V5","V6","V7","V8","V9","V10","V11","V12","V13","V14","V15","V16","V17","V18","V19","V20","V21","V22","V23","V24","V25","V26","V27","V28","V29","V30","V31","V32","V33","V34","V35","V36","V37","V38","V39","V40","V41","V42","V43","V44","V45","V46","V47","V48","V49","V50","V51","V52","V53","V54","V55","V56","V57","V58","V59","V60","V61"
9.01489044970974,8.60889013256456,9.74980726668163,10.723866941191,10.0713329622128,9.40090617891796,9.61091079391201,9.84074395236527,9.00679933160618,8.45316828063503,8.20193569857579,8.09549000332884,9.62762002875333,7.34742739534014,8.64627251675589,3.29839005099028,9.77032176563069,9.18658355698788,7.42206871009035,9.76843618066864,7.89637858052032,9.47350582890605,9.52246732687058,8.85571452104811,8.90767855962732,9.99701021747421,8.56790731846097,9.47559573703917,6.75937444225397,8.94333538665111,8.93083056679292,8.38677789530927,8.04621690575999,7.80235820226172,7.70812989837847,9.16743804190407,9.41867492979014,7.52514996521563,9.11432875323527,6.81965116217524,8.14936158625234,7.59918556975894,9.66507236206231,8.33118313983904,7.88459237567947,9.92435003592047,9.26567189856431,9.11339974680268,8.61710596674002,8.18405185841327,10.2437268116354,8.12165642783797,7.44977502088637,9.16040060555342,9.04070550212231,7.11114771143752,7.02943872367416,8.95337362670688,6.83625074040074,6.86259722570916,8.67530792887514
10.7871243859638,10.2698224207983,10.0516929471566,8.69775516951868,10.3975620399571,11.6059208909797,10.7009904555287,9.45492560326659,8.21439240146619,10.1099641004227,7.37818008075522,9.87684615333248,7.49251456684404,9.69153160598596,9.73363896800089,9.37423677813382,8.2759477162678,8.29963072431836,9.41046937996973,8.52793568930981,6.93577151829263,9.64926967741338,9.5556408437187,9.11945111299987,6.48695854778763,9.4998955449257,7.73368137311613,9.53625043652284,8.03722107783692,7.41487046970403,7.59466350375096,7.65172973587183,7.96366216965762,6.08949144796791,7.58383070519589,8.33028411905402,9.4435927192234,9.55806816200922,8.96115069353727,7.80247998202978,7.53067321728356,6.63481663090218,9.65493031295063,6.59641757886071,7.89532639713705,9.00126561125187,8.99101168691028,7.96767634402627,6.93806527428317,6.86137558228689,9.81489582222637,7.38359162568839,6.88553280627453,8.07755891930721,8.20276064524929,8.0327782334155,8.59492415985503,7.81120391342673,6.89747953444695,6.8141397519443,6.09883486029549
9.76611638531112,8.18864477657951,10.4545844403323,9.68385017831606,8.79782815786639,9.65455172257682,9.43866946878819,9.68782072525275,9.98606666167699,9.0515611134577,9.89225967626357,9.54162449206625,10.9414062229222,8.50998796282248,8.78556338980151,7.61046564371129,9.73993735601256,9.97940495262067,8.12924611953465,9.39057484925404,10.1289858169138,8.25106005431438,7.64383355366586,9.68948043828592,7.39280649991845,8.74358574126691,10.4794503709265,11.1738209963601,10.6310154298208,8.88021569758631,7.40582696494572,6.8755797778842,8.99707376882712,7.22607004018319,6.99047157477532,4.07275532941096,6.73967470267164,6.64461370328405,6.23598134338376,8.01894499691983,7.75665793838547,7.09790655999393,8.54410104072597,1.17074532099061,7.66184977801151,8.97925283932412,9.296161732548,9.03657699407516,9.20522553221635,7.04992102088425,7.74522686196457,9.27626043622277,7.79985426585472,7.85872155667007,6.73812300815971,8.43247034163944,7.5437719376085,7.12041802685882,8.23865115342947,7.38515764191088,1.44304047170603
9.0621564085999,10.3003638181402,11.3902865103068,7.68927132003619,3.31801533226219,8.9364581574509,10.0331106670297,11.0470357888803,9.05246472433037,10.6638715243297,9.74361449736688,10.4304457362006,9.94360155546843,9.7172033614305,9.02692519420822,8.45104159979515,9.99090606512521,7.74272799205061,8.52262957545359,11.0223099404036,10.132178583067,8.46437555370356,6.85939299240474,9.70355198192074,8.29416835242108,7.92197054901256,9.65485848756054,8.85560442964866,7.97431795714627,6.48184068815167,9.56008959768551,8.11322417080572,7.98930854316566,7.67207826440196,8.11558847346856,7.42883241429652,8.97846998099528,7.9847711765893,7.10224857766287,8.1977650139521,8.9465079263453,8.74788111567611,0.693245713205495,7.52518878608691,9.19767454295833,7.67970825264028,8.78564076315201,8.58047581178902,7.41082164594075,7.87699077837829,7.13305041609947,6.80988046550992,8.90522937674425,9.46740342101471,7.34558859111978,5.88361611220946,6.34766598457829,8.12020300387367,6.07471212277062,7.83179682179875,5.68687429867643
9.503398831305,8.1035052029469,10.7815029901094,10.1406130324527,10.1721598212527,9.39912249231886,11.4046263946339,9.69610973747181,9.78637886981157,7.33167419297264,10.0638873609522,9.06297275478058,8.77437699665994,9.40084712994813,10.6162793783823,11.0723115667513,9.14787749568036,6.89347894517007,7.80513042982996,7.77150179681878,11.2628560919837,8.64667934889162,9.72164659175287,9.57126602280471,7.6859865066551,11.2407571120597,7.98145158015199,9.14739545855569,9.88637142928524,7.79376487155477,8.38417431421419,7.91301115351364,7.77676683886495,8.73718084780737,6.89182647898837,10.9231661986168,9.68333094282958,8.25920606136082,7.34691684375088,10.453313322584,7.24175755473373,9.36408672384161,8.02235438438309,7.9516361362128,8.10970699961018,8.56811223916441,9.8852199707159,1.27666370579044,5.7458534714098,8.05335994620795,8.18691253653351,6.60577080890131,7.68979606457452,8.95336789389578,7.80244259283689,7.04521881564438,9.06174144738188,5.78319829839493,6.82369792420533,9.97354522144546,8.8430350333104
9.74948806949931,9.51146102538061,10.6535637578601,8.68564867232564,9.55767248128578,10.4747095971972,10.1098818577307,10.730220639479,9.69828742022523,10.337467627968,8.09028327075668,7.77042491151837,9.4816930001219,10.0607528658037,8.93518510649165,10.7563232897028,9.62755692310248,9.26160867509459,8.64091621908546,10.5909980656028,8.08659373651751,9.81780947115791,8.96537216201443,9.95345719296226,7.90029987651236,9.01997504384586,10.4254163788931,9.9997641499637,10.5092092916948,8.56868611194668,9.83241195762907,8.6519483704415,7.93574849923097,7.22323384829274,9.30187900056625,7.371720463785,8.88021627747754,8.19851794103674,7.24924662907393,6.73358058774291,9.53481091396745,9.45256263739395,9.97206351924057,8.04324656017954,7.99616878014537,7.71897887870048,7.71205868780406,7.12282711817514,6.31816241641349,9.08057502268221,9.24141778656457,7.11223896436132,6.66838807126331,6.10603188084558,8.03606434639139,9.81963362329786,8.02064027708462,7.21357636019555,8.40870973447368,8.15019550382338,6.1037826661487
8.50203838154452,8.92710294226881,9.5232348518466,7.55210303447018,8.59419260218541,11.2870187494259,9.27836174726581,9.35879658646942,3.83115580716914,2.92057577708595,9.32911113115904,10.4751048290893,7.76039037542038,10.6099304464821,10.8154850981961,8.49984935362176,7.82433158175118,10.2699727381198,9.17534023220819,9.97523245395452,7.15061022202641,7.95499357484083,8.63056459861618,8.80642427671225,7.36816579825119,8.40654727541617,9.12087130612638,9.12830983336725,7.82241680520318,8.56545218059387,8.13738508303056,8.38723380327752,2.96978987758161,9.58308983798685,7.49030722636183,7.45764548618393,8.58633327613312,7.47818458831251,9.56064348049367,6.8136445343838,8.00129420120399,9.1543050689584,7.97222559256587,8.23479272822114,9.3875493103106,6.33077065379589,8.19895556748974,7.2157957646455,7.75301633468719,9.35098202696996,9.29877018804301,7.37344834543772,7.12176029214218,7.71077441800272,8.4174227760103,7.552114033912,6.87008256765619,7.84231767546114,7.59202255736605,8.2193488390652,6.9442047196276
7.80162791901988,9.98490502502581,9.26340497610196,9.64955321751425,9.73687377923705,9.28718290981051,9.40337935202255,10.0651740523551,3.62139232216442,9.98753687007701,12.049761130181,8.49760292528842,9.44029182800518,7.95247229262952,2.97974457738126,7.77972492086536,8.24851239479604,9.9652935594756,7.35356868233429,8.42628948649234,8.3722717435162,7.99300788673928,8.37191176547125,9.3701309729432,8.3344008193903,10.7205116167888,9.7121842017484,6.8215440726671,8.25782370423465,7.61093013723021,8.4345689955941,9.09426853753895,8.16924480460467,9.49085235887883,7.73469934788463,9.83234670453628,7.86545010746547,5.99238577629846,8.48838874779276,10.6355286557712,6.95197020622023,6.71251636016365,7.03803444219699,6.8927967096538,7.64244142710024,9.11941790798169,8.85392977819999,8.14750771722069,7.91611626342115,7.58545393546955,6.39766090959393,6.94728616452939,7.79219411732275,8.16306158541672,8.93840935356448,7.80949974894975,7.78855347476511,0.456595042782534,8.84316708768431,7.12173676749154,8.65678981485418
10.6346426877461,10.7399652566183,9.25780954185308,9.63817666683342,8.18985758707092,10.7815158730836,9.8764096007508,10.8381764344051,10.7598017744315,8.86823099925713,9.31877566741614,7.56595826682405,9.12686098728617,9.22889198851419,9.48167744813139,7.1676213916838,10.2733621256599,8.10535421283013,8.17294269713336,10.1441824036764,10.1629949012239,8.14527787089782,8.59758285757126,9.16022503044408,8.43471178071116,8.32609108237026,8.26042680997578,8.63313541240226,7.59735801784962,9.93108182365146,10.0155154099029,9.79501298798994,8.5127278501001,9.40800242778139,7.96094218338794,8.1615112541844,7.65227991407766,8.16949368623929,7.9331700235415,9.49753776371343,8.95293991839085,6.93251202044522,7.51149786004716,9.11215180677361,10.5195547646431,7.12551026229416,8.09506633244837,8.54177047769588,6.51050862094143,9.48990979209771,8.75895443551522,8.54093158042417,6.54408579261514,9.2905602378102,6.53711266440611,9.36846552702703,9.0666196424995,5.62515637110563,6.298322528235,9.34913349667536,7.87180748559487
8.49790019052608,7.7433078372776,10.6899835548209,9.21735925416067,8.86466216902161,10.6980011557245,10.2052295109747,11.6300731893786,8.41196319324218,8.48685969182961,10.41390348921,9.67867283525956,10.5704003053116,7.20382171318815,7.78250657328142,10.5578361486214,10.7324049935959,8.49693537785502,8.93038766071504,8.88703477487643,6.99751317879423,9.93401767622571,9.47410168554096,8.17522575765913,7.34256692257057,7.48384065451607,6.88757692802695,6.97882523429692,9.25813283383824,8.88232967492072,9.91507316653945,10.0034933567311,8.3326670888528,9.11536557671996,8.12539564515073,2.06908050098338,7.15622319954125,7.68918621699665,8.92357112644603,7.51342074752644,7.74771955993698,7.56991130506502,7.58574969502883,7.44150690891796,8.93819596772582,7.48262644170396,7.91231410945135,6.00044429608042,7.3325354200466,7.89491820537214,6.25833393135879,8.55490252241815,7.32509673931629,5.93544988687918,6.93037976153736,9.61230470717728,7.09481440677576,6.22751059514847,7.32428784569917,9.02598519968713,8.85746811243172
10.2779889586479,10.9955093656517,9.84964922528228,8.67500854684628,9.32812201058277,8.51079131582384,7.50546531521046,8.80262804705097,9.34372679733355,10.098788663,10.8304608247206,9.08143414782868,9.38097688924185,9.08983344107181,9.02470536329948,8.59434795474204,3.95753330097439,7.33437230404804,9.87111285936838,9.78855235408757,8.2549572244961,10.3439301697741,9.49353939463948,7.96917994772482,9.06432052624576,8.38661832048652,7.76947277639061,7.5283259893455,7.35256025685751,8.54419599780662,8.56082243120562,9.14853755814978,6.67312966280814,6.76742039091414,7.85756834312384,7.4716755042873,8.97769544034203,9.41742106907958,7.02778658403608,9.15482883117274,7.29082646083076,7.63566422058098,7.46649515101568,9.27942697617862,7.69666616914656,7.79164347958174,7.93041724877847,8.33289055521085,7.6395714989967,6.94486268920246,6.70385826136905,6.96523461775987,8.42041390700425,7.29637926206352,9.71885674438698,6.21752438645754,7.84810499679865,7.36232745705342,6.7038331686638,8.07246301181208,8.14807841088665
10.5634401743132,7.91231511313572,8.79559060647853,11.1113223321274,8.88088926827376,8.63109054662496,11.7500147064523,8.59641464003368,8.7688868751751,8.62001483628247,9.34893252896295,9.71805740864106,9.84829201404287,7.80258959003857,8.90819842313905,10.4949671483006,9.17933719985779,10.8605082963725,10.4953771477372,10.0465182583023,9.11534843711185,9.24058281607244,10.4607272646697,8.70053130331887,9.14589928462146,9.42753100982721,9.02229199761692,10.1399531311525,10.2715919847514,10.1642149290151,8.49161711006317,8.46286549160304,7.62413787829513,8.58776637659506,8.76299369758512,8.47709273214556,9.01434026695834,8.03478964150233,2.92702432862532,9.35224857476325,8.85762076267562,6.20427729947413,7.47786154267157,7.86123313406376,8.14526147768342,8.5063430455961,9.02714996218714,8.41390259948401,6.88967188653915,9.51040044952939,6.64203563897633,6.20555076612668,8.83135289337299,8.73483866940768,9.40955339013965,7.05334141510369,8.67796132251261,7.52362034273419,8.09600013040927,8.69426099397709,9.49998057637792
11.0601231690396,9.3691498654218,2.22837968037005,8.31587980894702,10.198299924741,11.351695907759,10.3036580369356,7.4946750229784,9.29571189174798,8.90978942367633,10.0743163351026,10.2408290827661,8.10793265549328,9.43783673258261,11.0330029488534,8.41806340081996,8.13352912244792,8.97505980512459,8.28598205318464,8.72577375031099,7.24023381342832,8.43983814898181,6.94255963316054,9.72418169979963,9.91004885617106,9.61652622045848,8.36282937283833,10.6800417672589,9.94163682888031,9.00833946378764,9.15445790891515,8.06785062296432,8.67061450029302,9.15255509367804,7.91690770508922,9.3672546269252,6.98433690713207,9.20005557384194,10.4724701299029,8.26610966051135,10.1629062223655,7.84678316001149,7.05452848838996,6.84602789423308,8.18706484117351,8.92628415297325,7.71034964025325,8.98297404239912,8.08551485737069,9.3660585200187,8.66111914225578,5.96185801371874,5.88585864607044,8.31099439910782,7.90522118600524,8.45721739954384,6.30458523592253,6.89764710821564,6.82035477244427,6.94518631678305,6.85769232639277
9.69886861282548,9.5032517625152,8.72564724468822,8.92504053247994,10.9644394078945,7.66795863359718,8.38419111058285,9.82138805954406,10.8455405380386,2.15107864130723,10.5723049039317,8.76559358379791,10.5022058466295,9.64934585038029,8.2046525973571,9.17029842765578,11.3020595757767,11.0001895667608,8.99564712576863,8.68572226170048,10.2297446978109,9.41498554001689,8.90987601286155,8.58657869483861,10.4789693827795,10.1326833233741,10.7702519601336,10.5557550664058,8.2897657574762,6.78182377423706,7.08798849429349,9.83545447192876,10.087374158256,8.840725551855,7.57792412572477,7.51667387471534,7.62174904927003,8.71287260246133,6.69397491832438,7.89063756670617,8.19129698069354,6.63461961645415,6.77193599706758,8.80411727649239,8.56794672226954,7.52498326081371,6.33524726019144,8.01983963433438,7.49390427205136,7.01374125721565,7.70833843523742,8.97575885199717,7.6161073983554,8.7765919021252,8.28563564359601,8.07837485571617,7.83675962151068,6.41034920473765,9.40890741457616,6.44038451893041,8.83120233605603
9.88388916569448,10.5622232772778,9.22752158067955,9.11670125914811,8.99379305478051,8.70020928238394,9.93369655611161,11.6320977845547,11.0420929627255,3.88893136480442,8.08974897791723,8.75563954020546,8.98887016015208,10.1643182124616,9.17647066367443,8.19581045881099,10.1688573960537,9.36239507998178,8.71863567353569,9.79930551908922,7.97804142732683,9.93159724228534,7.95734313414254,9.11357212138108,9.53119191365781,7.79698011540177,8.75823374783533,7.70192127628708,10.6587483736833,10.053021021504,9.34432531403132,10.3020866052646,9.94535011278845,10.7038636976822,9.28119857412174,7.73843195059308,8.28611858458437,7.34255175010572,6.42819791406447,6.6798441282304,6.94759782911323,7.83022289675297,7.10290811229797,7.38920913553461,10.5117381498833,8.1729840715425,6.52769070014486,7.79273154950375,8.22901042005701,6.02886097146892,8.58123801324054,6.51015300372728,8.69014320881684,7.4124471876797,7.7047887820928,6.59368039964876,8.08920878129791,2.41487138539023,9.50000836343487,6.69670203093074,10.3986338156172
9.40453090060398,8.6993558459822,8.96956964396611,8.93160151659142,9.25197538875812,9.83026929261132,3.52006185304055,9.81963823447977,8.9605973387705,10.1352263044815,8.04950962550682,8.98698093577718,8.77351464487999,9.59523899605772,8.00511876679804,10.8496746607058,10.2009860688042,7.06995880652422,9.66682394051986,9.6421189258247,10.2462220089081,8.21296216196595,7.97596364994618,9.75869483093739,8.82091314366693,7.87594956596045,8.70922512008973,9.28942683591367,9.7395272541514,8.22478919756733,8.88954483714106,8.33370693773156,1.50094002751146,3.31865592334813,9.28368577403896,6.32957537742837,8.27322389997535,8.42343682413276,8.66094451687967,6.75987786797458,6.11984165265097,9.15302611919897,8.83823151689109,9.37752273404626,10.1699264308204,6.60253831997075,5.61881186089399,6.51202705016959,8.85339648230075,7.96545418212695,8.80708259481943,8.30002438696184,8.17801552738638,8.29952079272601,6.80723443462721,8.15756625701025,6.68147067335416,8.02676772445673,10.6859549604414,7.22766750532928,7.34765239473948
7.71284138265512,9.08926034233046,8.4880038948845,9.79281797623891,10.8049373597926,8.37783076751911,9.35288105250971,11.4199418768808,9.69784488021145,11.0613763247168,9.4588659933075,9.57177763315845,9.86932784993382,8.0288589149689,9.8583464001285,8.85769192379154,10.2109173398042,9.82863770308223,8.95127374482774,6.55742320712802,7.40392464994632,8.45874281810643,10.2159357539063,8.16901674549524,8.10780091792705,7.45596738819802,9.32576965787707,10.3214353117517,7.52360742648696,7.63563476483862,9.65994953429202,8.3366957515801,8.58747823258689,9.88252539809628,7.99945752266245,7.40968917491214,9.93922173451256,9.22091136889564,6.92849189477369,9.15334700552264,7.64695929226291,9.4323767936523,6.94553588464626,9.18636202676066,9.77249082481369,7.40658194710846,8.43640123750287,8.81108446291211,8.7023807611457,9.77565262979792,7.21639591799484,8.93662865201747,8.25754589744355,6.76018474799707,9.13437410480726,7.38723263097624,8.46168802382682,6.84136468474978,9.77353867496655,6.64422377085942,7.84979906821702
10.1071171263525,9.79390707848477,11.1264230342932,9.88713604768704,9.89544393945007,9.64422627014926,8.050859402491,10.825974265994,10.086946602281,7.36743376898084,8.48557225117387,10.3235004221769,7.80640776858824,8.98526555066898,7.95515555494269,7.35418873586466,8.53099386747829,9.32684060127051,8.05072929203042,9.17641555653039,10.548484465602,3.44800907905994,9.75489568279699,6.75212442815975,10.2015427678373,10.1388796283125,9.59206132119181,10.3418111166708,3.99919842165634,8.09745686886172,10.3703816882364,10.3877466130589,7.3345693948174,10.5893874320008,7.41587430139152,7.61117524700031,9.57812900498785,9.91049024339414,6.80358491718366,6.80183764878644,7.10837370742436,7.019385618228,7.42273536755272,2.19798270729271,7.47185441886563,7.09810462246356,6.55892038748471,7.96762533254799,7.71224137754584,8.69856931884561,6.45189641914732,8.54469969398694,6.55813378318171,1.92739320443332,6.05371930085168,9.06836851685729,8.84911243593583,8.49169506764645,10.0032075600187,7.83468432447756,9.29549793483589
9.82364698269219,9.49388209434935,9.32088947109082,9.68420761576303,7.74914214021869,9.44772363276127,8.6035341514866,8.52564116639936,11.8206382447337,10.0051110358739,10.0211445072956,8.96114372323738,8.11220060854825,9.713572636501,9.96499359526069,10.5390477427765,9.65135550428321,10.0665191482803,9.71488411465677,8.12529445605067,9.36207263939466,8.10493784858752,7.14991472913201,8.03790168216509,9.05621270029563,7.70255172378107,9.44465834850562,9.40812443681219,9.02188368881679,9.45484203940428,7.54008250066238,9.64800005211842,9.62886476538636,9.66717858416874,9.0974099006231,9.87766696197289,10.4095672429414,7.54312867707746,8.12298932285993,7.94409957912994,9.23540498586877,8.62764445053762,8.18853197389993,6.54180077838243,7.99494798185271,8.93455256329358,7.79789062457145,8.31491734393814,8.52753223407887,9.09189480514648,8.79940554270857,6.68253829394519,7.14447052080531,10.1928172232986,9.38408309074627,9.27764661971676,9.70696453208079,9.33163884130828,7.05973952595589,6.96218492600128,7.18427011349777
10.0270403696287,10.1297668347624,10.1382378019202,10.4847870312951,10.3228257711148,10.1585602640035,7.5942738976711,9.98206420195549,10.5675266896848,7.26882634453656,8.62223091475943,3.43979606510665,11.0554989825808,2.04019408360403,8.91426299275875,9.77951026412224,8.56460859353741,10.6637909698915,11.0890468867953,8.58781495568368,7.32363981154409,8.81576544724351,8.52788105209206,9.41653419878722,9.08658633345398,8.35629054628899,7.18636202972706,11.2196576292283,2.97857597364713,7.8155783123314,8.70983905270769,8.62273369065905,9.15940007970387,10.0457177149925,9.42902344721874,7.70152675001409,7.77885513393838,9.62885814957023,8.55875521145667,9.34697780528985,7.41336764967487,7.01635863547483,7.72234386057713,7.57261004404842,9.50585146426681,6.17796603497537,7.24012553091043,7.87290673435193,7.77043328943486,7.74603548243066,9.04667672911228,6.15466397894376,7.89985464161115,10.4993538281327,8.10790913694965,6.91995735426046,7.6150764825664,8.58202263326896,7.86135442286305,6.69133702758973,8.18600934203124
9.53493123458731,11.3177587696389,10.213865667455,9.73689714791523,8.37834847559205,9.88613953135912,9.44706792842373,10.1054998528255,10.04895155789,8.26302773338133,8.37421596930623,10.3669777516188,8.95080243539697,9.53972869481861,11.0749816079013,8.59489169497865,7.44356728654581,9.10446841788171,9.45349502513627,8.18006098152839,7.82124469377853,8.15004697077415,8.77679182360919,9.78964619542779,9.94365123028276,9.04822789502799,6.86503686926473,10.0992301500116,8.43265710676227,8.00135744183483,7.51619674931789,8.86090230605716,8.14178391999692,8.56810688821736,6.66352614569403,7.93226475489726,8.34008223553279,9.53130456826027,6.96787442118554,8.3912587988544,6.73569021176402,8.78429771073839,8.73905188683119,10.0553810007089,6.99144927709705,8.10583820834142,6.9989623173115,8.55425025905576,8.56467964086446,8.59877676372386,7.50297758229955,8.09653762224645,8.47454130767023,7.21429143936337,5.69243674595379,9.20917964212016,7.4912439252613,9.04326565309296,7.8458344219704,6.70014719210537,7.70819511571998
10.5207694655696,9.89092539532476,9.79164650123937,8.76574234387009,7.85076761574106,11.0610805439059,9.57703342653867,9.38187660169573,9.38918915412587,6.81663304334399,9.09792620325033,9.28594530584701,9.54875886651113,8.9839664442825,9.01129545134494,9.92924404571119,9.56777185009806,7.62396598117824,9.26987203362199,8.02525787993611,9.29108105893325,9.35036653154506,10.287454836761,8.92704864633786,7.90562447345489,8.99585834638878,8.28858776098761,9.83023228206011,10.6418877477449,8.90092774301618,9.89663101640678,8.77192143058719,9.02013893153988,8.20811984714834,8.63488445634843,8.40282169540852,8.58691886445948,9.21109295095817,8.37509009687188,10.3812547913242,7.03056995220923,7.49500441557057,6.04012106848994,8.37650658190836,7.88049066682287,6.72563075794858,7.65936805083944,7.50239261294742,6.96383671723676,7.61303496291354,6.94512070606956,8.71629743873335,7.87289523423575,7.69692158939454,8.14310468158476,6.92951589996619,9.52253079162892,8.53603187590666,6.6572474542986,6.22129434017056,7.48432318755145
10.5518031697399,9.51342714363716,9.56250341760451,9.52097948436382,10.3918452063779,10.8825671460749,10.2050689918932,7.94570672240362,9.7302044994649,9.94708615194908,9.32273122538559,9.92903675470617,9.65162879647256,9.8527614233342,7.55187182561225,7.65171266297805,10.3475054539599,8.37018490124317,9.94594862227765,7.83383690467041,3.28904329599753,9.57310655794224,9.24366222009711,8.35161654550193,8.92621493597819,9.5603613162433,8.0362346758769,7.7362864303626,7.65891787753845,9.37462069394149,7.07408126018587,10.784360072309,8.54940354804537,8.93025177197009,7.24883008433445,7.99880575442754,9.11063207772867,7.08745160617056,8.43340963389306,9.67805409462945,7.9360014246841,7.71768096768729,9.38780719808232,9.78656284257468,8.72728400069049,7.37588495085269,6.20295872153624,8.70437525957094,8.96199301033617,8.38655210478243,9.06693272696391,9.31779001009482,8.11490419567304,6.93463902482012,7.88493976460376,8.07025179620808,8.5086157508335,6.46606770499147,6.11478335193883,9.08182052194227,7.05553491286521
10.3716822087629,11.0872663124854,7.49066380434774,10.0623267719878,10.0791784575172,9.00818471312658,9.6932418756643,11.0077714325139,11.2976120123711,8.89891747856266,10.1022236019769,10.133488931666,9.31202753067994,7.63955750026979,9.4851892777794,7.98268001858543,11.5584942826635,9.1812049017033,10.1291984090807,9.78284968367851,10.0326285229302,11.2248512333064,10.2512362054402,9.53702324879297,8.47007476105919,9.18349142051785,10.1519957351047,9.8305872861094,8.54803874399954,7.45872289009732,9.72956670911727,8.45518992722921,8.33915326641973,6.72171154642389,6.85236653041644,6.32641023200349,8.1960476992189,8.67143580334862,6.14899152167595,8.43090530814538,9.13230442626161,7.20958996553094,7.94959156633517,7.79851593142517,7.83430737337839,7.76093810580011,8.0381277957341,7.15995723049352,9.21393388931835,7.34842814403339,7.28190246640199,6.31632637939387,7.65054979065078,6.89034949151209,7.74030096237043,6.84949371539551,7.95220769822478,1.61999607810633,5.76983048583279,6.63234671228942,8.49708649862283
10.616134789283,9.46849280509919,10.9679206424518,7.75956095788733,10.2706753965617,9.1358312477738,9.57017999373684,9.96741500417028,9.8213069445707,7.87047739152781,8.68928573005508,10.379772061528,9.69360531433494,9.04486306544548,9.62437300604474,9.42556077501527,10.350628343643,9.00281904854315,9.96720890378342,7.1823075523263,9.02406086875694,7.55702312602522,8.21768271049406,8.2886882385692,10.541778724663,9.49846765304013,9.73091944235723,9.69196104086712,10.121484771559,7.08240387107069,7.65368656673455,8.63800582156541,9.16990521010954,8.6070499282524,7.58977600659394,8.71939874063079,7.30887517858491,10.5870653609904,6.63468981076868,9.66067464334044,11.0796240493737,7.9021381779904,8.14161571117373,9.35142880171389,7.78515217859848,7.7699207839226,7.70173859596599,6.75301556050264,5.48786468520689,7.4769926938638,7.74253411578816,8.42046909937075,6.2632114510251,6.55551868926456,6.87897250308927,6.26629733972182,8.10159427975712,1.79151144761291,6.4341405748058,6.23603437427605,8.62788134073298
9.08149469897585,9.03295659882202,9.42062625077883,10.4827909677283,8.0288070942697,9.14047934696945,9.46252279919725,10.9172645492447,11.0329006964574,11.2443843181457,11.1198286813414,8.13878146829687,9.60741296088969,9.63261523099179,10.7427181381737,9.13628753697145,9.65615211893309,9.17820097710145,10.4148793602335,9.41230362421351,7.70451615753347,7.67435010168224,8.90868374351025,9.55229545386037,7.41535521303549,9.4506410000599,8.09854818413589,7.81765971082556,8.44433608257124,7.77031519353732,0.600994186583128,8.45237484834125,8.20651714646794,7.57610770106751,9.22680169762196,8.47704380849165,10.1607440896103,10.3221785928318,7.54429063248355,10.5383728177799,8.18425287981679,8.58105370954651,7.49038371528048,9.72278360584709,9.15733936787016,8.69163449933397,7.12831386387219,7.64911287714782,8.46197707959652,8.39031383344022,7.34271459953832,7.53752169836996,6.75077155529745,6.54098553434745,6.50563377179189,7.84131585340584,6.50202167918242,6.85088514804946,8.59897183567326,8.55849633824419,8.58115322039385
8.79097115622737,9.33812396513023,10.2062463172018,10.3571655127326,10.4742228315753,9.73202524026123,7.53202173974645,8.61698101566492,10.1862997843821,8.15778407458225,8.85954452055978,9.83560418738471,10.0110238687524,6.78961404650932,9.13315348638902,8.58649692391329,7.26913157681471,9.71911213707276,9.62648021331521,8.18116797196489,9.30839669350305,7.93522288958419,9.90309231175023,7.98489016172044,7.38760505975566,7.41378854312276,10.2830095789274,9.24489382046421,7.49912627504937,9.07939315298321,7.02812329214995,7.24298450974958,8.83274236666431,7.46128091702188,7.04225365485591,7.51214960295098,9.76474098866594,7.47539116315118,8.2141369728595,9.89662604055027,9.34409860249952,8.99082481776966,8.77060628877415,7.12564666029783,8.03173273431401,9.52028609609287,6.91388928014277,6.36289726641384,6.0992584820698,7.10186435845523,7.84400172791109,7.89822625731088,8.45264995702424,8.04572621719538,7.75674054404294,6.94414564312228,6.40885548349164,7.48804230610862,5.92391467122949,8.00616013094737,9.09581658027129
10.2560672363658,10.8173112235652,9.90133240869815,10.704724359114,10.76693932516,10.5343943877725,8.07973399390323,9.60107834775094,10.6450324617964,8.75802288632929,7.13777905998571,10.2295944623987,9.93957183336495,8.35614374876171,3.42748815629852,7.28716554504706,10.2305390661164,10.3636088355453,8.73400557261495,9.84964253111576,9.24505795120708,8.69009383135244,10.2960984071297,7.8225457177435,9.10257193400825,10.0005769444943,9.49757038950994,8.50261413813032,8.14651278505522,9.83678474025725,8.61612160236595,7.72512053245104,6.87186323446273,10.5983193804659,8.04643728754405,6.14615791395734,8.02733877706913,7.5507498363075,7.63615917488201,9.13070157014269,9.16177286088134,8.32012355798179,6.42862399846775,7.33837202374624,9.25046010348171,7.32042751170771,7.75360899771079,6.74526410589359,8.09183182202132,7.88393499293283,5.75860717040397,6.95394254022218,7.96895190907088,7.09154198471384,6.91854530679643,6.83474525470009,6.49781841960088,7.18411736163061,7.39796957586112,7.22247324998551,5.97465341089269
11.0368014107169,8.63002305144203,10.4545566813435,9.84864422205825,8.47947065162356,9.72376293091162,9.48513675640503,9.80010697451063,11.4357408487558,9.66154671065048,7.80356448927225,8.96232461021273,9.61664500940402,9.32200910966233,11.0453254380654,9.48237162789806,10.1009326813438,10.0903138476272,8.68921776993768,9.77908214229546,9.90120744917749,2.10422460618661,10.3522326173721,7.84192125167514,9.56028817627279,6.73628144151198,9.1037818145392,6.80373686350609,7.3843701446389,7.6439254420963,10.0228912754078,10.9250247553667,7.63261098410266,6.67122852014311,10.6118393554254,7.41504464641046,8.26532102113445,9.44037153168776,8.39723635333493,9.83551446488367,6.75910699866388,7.51266146357615,8.31836377654933,6.50210246018035,5.97228487214787,8.07035376274355,8.74622004918906,7.4246758967339,8.88461971511511,9.35271649755789,7.20972826250006,9.49814789572211,8.75295502308527,7.42611842228343,6.10186221899459,8.96196090437536,6.63142697684099,9.5720769679293,9.05526624978533,6.89768359558762,6.01629714709404
11.6347055527953,7.88760557689258,11.5469349116298,9.28780472025997,9.61742186697415,7.78540307407489,10.1848959489775,10.2890505365452,9.18556116062172,9.90153073639736,8.04287848227703,9.7226270788736,10.5112606876821,9.79380409314086,8.8343908544153,10.1961801210926,8.40479843165072,9.73157330458264,7.56209338965595,9.24442894919358,8.70211268475373,10.2129655732538,9.72161137589784,8.19606782490622,8.46623882187277,7.73878759264059,8.84973032523493,7.84633374831466,7.94920219211351,7.43418149776506,7.33742754458362,9.61008112399572,9.16189658952999,8.63125654418107,8.1534210052002,8.387098399,7.59157474456131,7.86969762332464,7.81150777876512,6.78643478317772,9.12085396845796,6.77906091247573,8.39776865378638,9.94751870392474,8.32335676960857,7.78102514110995,7.54214325974663,6.85210231696637,8.40192992840256,8.20000219709881,8.72899408911093,6.33310366655636,8.06138810253679,7.32446652124635,9.83473025347957,7.3879299664218,6.52011812770066,7.2854971355246,9.3534950845597,8.9126870431416,6.92858412085065
8.48966521402704,9.8045823772224,9.59645416284321,8.82203813273242,10.5285910875649,9.93906616945808,10.0172156965734,8.97481492544073,8.44356379827751,9.94283659051177,9.98777266462539,8.69390878971517,8.52349219438518,9.50603668696923,9.16075696975286,8.35708377278392,10.0294738417311,8.54422440698826,10.0595937230854,9.30477933853164,9.01919151441317,10.0149756513378,1.51281580763736,7.74344644147177,9.80703772123752,8.27131849065787,9.10887175373553,9.10381364593467,8.32454049428847,4.10629014920508,6.98744433847336,11.2140443611273,7.97008912497082,8.7738589496351,9.10104158578779,9.58382236981945,8.44725592963531,8.42729628440392,7.93792121352176,9.99419696766261,7.60822510749593,6.77157548150368,8.00110001075775,9.40516202313302,8.40567092955124,10.0906505383378,7.04162335634183,8.81366439297127,8.98481808509032,8.07889255206428,7.40585925129791,6.36444536073909,6.64974854492405,6.67801410846135,9.64806299593619,9.27307189947606,8.11648489847028,7.82879871344627,7.13910187187119,6.53119960949253,6.56905231678363
9.3939309393001,9.61187324831906,8.71131435229334,9.95285308075098,9.1641117321035,9.47071234656965,7.86520836010302,8.49327444789125,10.6516775048777,10.0874238623151,7.98892169964004,8.67484070733798,10.8470192884658,10.6233338663334,9.88118234095592,10.2130277286861,9.40754586752494,6.2659251436927,8.52264489487339,9.29612296740738,7.86563003065308,9.39386063912567,8.40546755147877,7.76033625467619,8.45399040566804,8.73750406948948,9.08411002898824,10.5170523099117,7.75716394767226,8.82469866362952,9.6410450047893,8.56131604800954,6.29603576283727,8.76151462909202,10.6156310173673,7.66053145528411,7.80924603224742,7.99328898677557,5.9768933404276,6.94328520509246,8.41989399565454,6.82053819560033,8.43586013304789,6.09240551299173,9.74920959686939,9.34433155800371,7.0042149286908,8.42862304469604,8.56620789185821,6.67284077870702,7.68638942737571,7.0779388599455,5.93241063366996,6.80612413155354,7.8515062578644,2.57446168625709,6.55229182494854,7.35454120337567,6.86136708324197,6.33577697086388,7.97327970387014
10.7164694761978,9.1246423653877,11.040304827547,8.73712938741654,10.0559699494934,9.88239633978957,9.67195049755576,11.0931185304687,9.31187801892525,9.58574880730691,9.45558829440388,8.1706887976567,7.08499665255671,9.18418325498805,9.93449027346735,9.56169087790754,8.41917368657358,10.037391151038,10.211650568526,9.53558250208904,8.15005135917981,8.26295812645408,9.06624175061061,7.64234624453654,9.98229955823496,9.93318153461803,9.69554414715116,8.31393236173578,7.97607812603381,9.22359860996061,8.53024696828611,7.77051433517827,3.41077524414879,9.57371509192613,6.11832825159296,8.32962998681723,9.50724458806274,10.2593362217483,8.62681645832845,7.67401840737826,9.72324964834865,6.78193861859586,9.68451922649144,8.5893145767442,5.35863539598022,7.04530444903969,7.5019748534169,6.06561477375414,8.19299386994245,7.04386698479739,8.48633772702248,7.99493541496076,6.75465574193199,8.79924267867458,7.08204897210344,6.0682127771978,7.46008136089955,7.14255254898109,7.99700300021488,6.7580820557378,8.7644810572319
8.92814672122211,8.1841736979832,9.24529397494471,9.73378325932107,11.4794677939056,8.23469339516306,9.72236554366093,9.57654239288963,10.3203389161383,8.11262084220594,8.79638345132796,10.4846534208286,9.64517892811316,9.90372769498426,8.75028959667198,9.71107192629479,10.8268543670856,7.90097339565938,10.1436211154925,8.69735171598401,10.510899259755,8.46446785988385,3.27801463062965,7.07700156426428,8.90632945588011,8.24751740854465,7.73640068794178,7.29752925426361,8.94152566625716,9.46164092755522,7.78480695549904,8.1934134353545,6.6629854683836,10.0736486566513,7.01227254195784,10.1002215832027,7.10316289606593,7.12909432107795,7.29464992075853,8.97673468651885,8.19129724281625,7.53111818951304,7.75820918091963,7.63810833962739,6.04109914037051,8.14294987986316,7.73149098133281,7.28081860961599,6.76143430966827,10.346320546413,10.1093859693085,6.15546341194738,7.40299159212114,7.66911528772018,9.27791463684589,7.47238998772841,7.54882747616862,9.56356287241421,8.23809059681058,8.21787694233281,7.44530548687594
8.58705917271182,8.38933559942777,9.33582087309414,8.2876076230317,9.5426436939177,10.7077879991506,6.93917618229744,10.8002765457088,8.89308992804185,9.24067544178709,10.6552038154039,9.28650246091496,8.41533202684796,9.58868235977416,8.34688403597139,8.63810738454198,8.92949733681166,10.9149504572918,10.3169695293959,9.36874834151606,10.6138942473839,7.96978525909549,8.67364332882809,7.4125962223855,7.6904711198961,6.95899825800513,8.19564735234209,10.1369278980663,2.85987631753045,8.51995050121952,7.84383147637576,7.48065135510166,7.19503438608967,7.74613543504225,7.7154196091367,6.74417085791481,7.95108160011974,8.88288896492408,7.87612381765843,7.0607952896573,7.85577399189595,7.19430381951146,8.30159501606608,9.02506566411726,6.06879172261307,7.222013552244,7.02302860126305,8.28482077006048,7.6770930545239,7.52111467368771,7.76892132568483,7.59930163649351,7.31999470821636,9.40880693399937,9.34287825931649,7.70348383361253,6.99181244730995,7.39436641421852,9.70844867978826,8.3109754634667,2.40541396539541
8.37282935484703,10.4362938637429,10.3205223757008,9.44153800528273,10.3558977023968,11.1493596421985,10.7406371042796,8.86059673534006,9.02734198264024,8.79269908345565,10.3212243640015,10.5672684119839,8.24808864388938,9.47046452230878,8.24340272020488,9.07304308611552,8.22922696872326,10.2549557127872,9.32833146232601,8.08859746500605,7.57868663924593,10.9256045036682,9.52195851172858,8.27653677809686,8.89778811168554,10.0924178886601,9.43085689024741,6.34784542697881,9.77874435655867,6.94201321712909,8.99118373370053,8.57236054293415,10.6862378489816,7.4856294099443,7.98988987975617,9.34647214479651,6.94727115334026,9.2115654549903,7.86013079797374,9.1502288159359,8.39632563853376,10.1058417496565,8.91848418751032,3.92451149429638,7.54901193004551,7.12972112480462,8.22136253603112,10.3055216088292,9.3289621054085,7.10366286597082,7.34256496730659,9.9438274431686,7.1410207818433,5.46284849615871,7.29522641441196,7.91862131217877,5.4541226127443,8.72114645420437,7.48388477095454,8.85592425747735,6.78236982212544
9.56088714457944,8.7782856711313,10.5914802442677,10.4832924064591,10.320630923339,10.4066856882344,10.2193919393296,8.74476381530619,8.07752434074188,9.01584146209679,9.941354762574,9.35130673370336,10.2092692562087,10.6083484969828,10.1685239071539,7.17103056200793,8.62886074308249,9.83968504407179,8.52953516363413,8.69749601428217,8.66663835702817,9.37525059611842,2.82435757772255,9.32111749015103,8.91779659524136,6.4754985952047,9.67174941975164,10.2783517192377,8.0742663067925,8.44736199024566,9.16581302840753,8.56902860946868,8.19923314059849,10.161276265084,7.89128370920527,8.81988080297623,7.42425190210511,1.96709843043625,8.1787664425392,7.05402185623183,7.81016979696747,8.38592751408915,8.87794429134082,8.7539003362799,6.74536508669309,9.4917596391286,6.62353216582017,6.81408800754183,5.70131224734768,10.12729389573,7.17417749557114,6.77605253707967,8.10060661163684,9.1809133138143,8.1356395314491,8.70582380556916,5.86362771183579,8.34450503724704,7.6532960441982,7.36184809338841,6.02874151781325
10.5625552112723,9.15143407155067,9.00751112532297,8.25655612763802,10.1702395407569,10.8884269052466,10.3194300026517,10.3212370492589,8.46711282904045,8.08439710659588,8.83138936573958,10.2151828470472,9.66942928757233,10.587202197111,8.42229170077661,9.97700289356141,8.3002410812806,9.58892531681977,8.10050791180991,8.19322217806336,10.0342732071134,9.74489952546011,11.3253116793766,8.66398630673357,7.87293225811029,8.63861563601765,10.3051608709593,9.16658756034659,10.8891383264931,8.22739998356522,8.80201907452796,9.000706498573,8.13941955475954,9.4554903086908,9.5124095002439,8.27367018555909,7.21157223088656,9.62663193125234,8.19232433465679,9.54542866663509,6.7922063934357,8.25661801575792,7.93558415723445,8.77827070983752,8.55271788697516,9.33015661311536,6.5843289933865,8.12716997562223,6.61993208205236,9.44139896846795,8.36196611544492,9.21057849687449,8.94891090560186,6.31504737830063,7.34898782927849,8.51695161542031,6.96858205741853,5.53515125852836,8.94149496199324,8.41817893461027,7.93908714118313
8.85874246208484,11.617013448391,10.3765756399681,8.85349656428105,8.68886491798674,8.45908321730256,7.42611902785044,8.5059894058295,10.4610290270072,9.06961383413745,9.69494626831973,11.7080383809647,9.59266457945614,7.20663290945479,10.0187254516986,10.3841255554643,8.37130515079756,11.641105142455,9.85146980812897,8.78577361307098,10.2503771475108,9.50105708825794,9.80043511923464,8.61708434438388,8.32581475891565,9.77889768009802,8.9496625529827,8.09643637960039,6.33735554082977,10.3736303378133,8.93540856568796,6.36339677622777,8.20684344134349,7.01809107476082,8.60768675763017,7.1618384010596,7.07816496970154,7.32334623206205,7.66372846468489,7.90454936691764,7.3975801094885,8.40418945622716,7.6059198436924,7.86942011027608,8.24633635009659,8.67047580544938,7.23013794205108,7.83231532960841,8.41718800919982,7.64392425728945,8.19527894906484,6.75566700883471,7.76597187959774,8.10354309438445,6.15310218469522,6.79489716387869,6.72074481398579,7.35347404988036,6.72666604422412,6.69026179896141,7.13184623050375
9.88571331952502,8.99893098488506,8.75206322501411,8.98195686507919,9.5052254325095,9.48633840449268,10.7293966241321,7.43626404493732,8.48249980939047,8.11202425581427,9.17351365587111,8.94936641611291,10.6821949001206,8.38051960713411,10.9202534049545,8.86579377954851,8.10888253238871,8.56796182659595,8.12341026051274,8.99990694452351,10.1363369495401,9.59626233481718,9.98701767594184,9.36396721112163,9.06344323524362,9.35103423753995,9.7028360580059,9.71269347495819,9.06609690576436,8.01150112353865,8.55621066205627,9.24586037488328,9.56871826160445,10.1851020607068,8.89266592703951,7.90030441886675,8.47036148054421,7.68086751806782,7.39183809625212,9.34292066939601,8.8924437133143,3.70478521327302,7.08252700321763,7.07397077253851,6.64054516495624,7.75355785336407,7.76068114137919,7.45502958800127,8.93840164547654,7.65419927850365,7.6868655207406,8.09405040190613,6.51469457979052,7.96100484308008,8.59157903584117,6.3887040226249,7.89875986039409,7.19065772586898,7.61592580349961,8.01885269140468,8.38985265671761
9.19361551510979,10.5293044598018,7.54983980362475,7.41430715475513,9.17679402926845,10.952393113562,9.39145862399799,9.42429186509383,8.51934797979788,9.4558808066746,8.75724246658478,8.76264571316201,9.72173407800841,9.17205399358242,10.3822442723793,7.50647197068237,9.32269535761181,7.65354405131421,8.67521944508886,8.75336854599408,8.61471656019179,9.97726932414987,7.88373186029539,7.83188640890527,7.66750812910585,8.26682257569972,8.56966620767914,9.47812674682831,8.60601958255973,8.61614548860281,9.57230838750706,9.59374477711709,6.89844549719462,7.31109511261332,7.71586903976298,9.29241532473373,8.73334773432323,7.14315834743799,6.89708476800781,7.94687279559648,8.30577889840528,9.91640315577483,7.6049071012633,6.67381928557616,7.59185257221321,8.26851879883237,7.24617172578839,7.01467925675969,8.63091083221623,9.52563039835244,7.55982293414022,9.44203017554224,7.59827793502556,7.98786401284707,7.48613141749381,5.88975340576043,8.85875637279854,9.9767199291401,6.60953102636869,5.58687134040458,7.68816531277631
11.1588210854685,10.9193448014454,8.74675046282916,9.83769682405759,9.18472908922861,7.4016984055425,9.47049574600554,11.3950615695713,9.58948162043593,10.1068757656152,8.8902380091565,11.2799592611241,9.85514465590067,8.87609325678009,9.4426314204155,10.6397251970878,9.5456914209528,9.37955148314878,9.69990466770778,9.3940205402753,3.18223640350545,10.4859367817871,9.18366712047986,7.12282289241227,10.0840195247355,8.58449935732263,9.15850402943906,7.06428187687231,9.57341166515879,9.44330346077912,7.48764746280354,8.11542737116424,9.72526877069721,6.44966132174669,9.4182907655675,8.52635989132492,7.29973463567064,10.5500538971485,9.19536989698402,9.97015540227407,9.81323359987563,9.53778077184965,7.94087833077196,8.21709390708253,9.24241025489555,8.93801634729511,8.62114174523255,7.0021620081205,1.55709245717831,8.65226456250364,7.87828708312572,7.79573064957492,10.1471701838944,6.53674835734605,5.77114924070682,7.32492456901275,6.61126087737366,8.42434987659122,6.6991233949941,9.20948942029948,8.668031745937
10.6296724651579,9.35559908771486,11.0954338174612,7.5942847031207,9.35895031178052,8.65579949695579,11.6935657303131,9.90949917400478,8.75847325431881,10.7848637650501,8.03000984901694,8.19320957861169,9.91339320113127,10.6903866470603,8.21593121992264,8.81204240219192,7.64269638340589,8.31570658491352,9.29870034018143,8.00942051705016,9.3378771077389,10.0433758999184,8.1793351333029,9.54183696253458,8.5586354569954,7.90858513859772,7.5014179495108,9.80968267614188,6.87403280376615,9.97526825075311,9.43098060765219,9.08835885969556,9.23893309162202,7.04378245927409,7.4969976617833,7.1731422695882,6.51188417275112,9.35212975139936,8.37864992632825,8.96399972838619,6.97751820907477,9.73856159711126,7.02610409233784,7.80984696040477,6.18365716581022,9.77041327361296,9.28366924920326,8.84723636683084,9.52784551828116,7.12404173972659,7.65218526075389,7.51074728660104,9.87766618042037,7.45065431370207,7.75595706865611,8.36011699349114,8.04125145107318,6.90872621917053,5.68548593183891,9.84597734170649,7.70203101997532
10.0286933082681,9.99342037310221,10.0173402258796,9.32368649466555,10.6500311887074,9.88848707262275,9.59729926453525,9.33093176129948,8.97309966866673,10.2677451006698,10.5894796840482,9.09964281490738,9.05773140903039,9.45817670300308,8.99367471681916,8.44175675406511,9.27344804154721,8.37962336794276,7.40322982556022,8.07777353715721,8.6133322096561,8.96239432126358,7.87993935508604,9.98002527332183,9.25157394656048,9.75388942172227,9.46299864324636,9.85728964980225,9.31528935144367,9.08085862086381,8.97880845741955,8.53496818258681,6.52161695613672,6.83727019000383,6.55438425143622,8.65140926331242,8.23382542726775,9.5385959033422,7.79861530095206,9.3717682083088,6.61082739084768,7.8661414902535,7.71119716147113,8.27080549120614,8.17789120001611,7.90714495432904,8.61035134932742,10.2678955528243,6.95412454183773,7.37599276513009,8.02109263843668,8.38544728501796,7.88782947528526,7.10047953083516,7.11056355965275,7.58839533130567,8.23223273374079,8.18898217498207,8.77219554972951,7.90676358818689,7.07262334075703
9.39046644347932,9.85386890672203,9.03362325737149,7.95526967064747,10.5755989886704,8.21225030355483,7.34399500136942,9.84361080554213,10.9912193479788,12.2119794809862,7.4610385258382,10.3014048872268,11.2183093185001,8.97891504573074,7.82670909069256,8.13254751324214,10.5432766034256,10.1038538002819,8.35971063284833,7.06007299303148,10.5065167983537,9.50880630219787,9.12427736728809,10.2626752170183,2.06183248877712,7.915649821035,8.88247953270097,9.6112967164939,8.08426374704753,7.54590297981169,10.9320239648729,9.07197701367342,7.2937624108709,8.82261548262889,9.5368504262844,7.48148483593305,9.8852473207265,8.49872380181082,9.1877671137498,9.53625399862668,7.15376641084706,8.32748504004325,7.92972584438713,8.06700104882101,8.7593129151967,10.2812608091973,7.57812130513954,7.60543766466183,6.12230400112924,9.92445133575895,7.53056908937673,2.65763392185776,9.14899218338955,7.39224060183784,6.26002167994906,5.7275527819668,7.49956075744659,5.95279820138383,7.11679361802333,9.3347808991865,8.26383489487078
9.89547041163489,9.12883343306504,11.1166169222017,9.82280122988415,10.8982054977357,8.80531074675436,8.21780411207273,8.96904737887002,11.2093570202709,10.0048321634098,8.4059492440979,6.96743783709935,10.5560417134321,10.4722172483529,10.0165746683356,9.37807446987206,10.2271111121286,8.88098090670729,10.1413160290967,8.76767273329924,11.6379483841242,7.80860911858321,7.03034533722469,7.97551124061566,9.03275032558937,9.89625893768856,9.64548376104925,9.33576923775309,7.61362409016358,7.28053500424977,7.07054646522315,7.41975405972833,7.95912793924487,6.60301979798984,9.12717005270234,7.32754478851513,8.17476781954068,7.59676993134244,8.18520364663329,7.61995547247122,7.76239217573343,7.41814342240603,7.42231772765572,7.97757757204438,8.68514658931589,7.65168662571442,8.39040773516281,5.93139909174504,7.06426794092068,9.37734351021143,7.28648732986692,10.1585384763243,7.43423375539631,6.46190128977454,7.84461109146777,8.62684506305534,8.83786212263282,6.41485831100437,8.84915880478008,7.83861665481646,7.11136858023735
10.6347107706141,10.2281341110009,11.3246920829828,9.83179577762333,8.47054589470675,10.6054093215236,10.1725012024427,9.47793704400143,8.18923673511912,8.45157721775342,9.17800673051545,8.74775743778086,10.9148050704596,9.06632758949167,9.17877244928997,9.10560067531575,7.9631241832337,9.25105184518105,8.24918619426255,7.83213518735082,8.4690071072483,7.16819890542916,10.7108400864602,7.39350890199069,9.86853831136364,9.182828309696,8.49527454859353,8.87346061682788,9.10106627837918,7.32403122316954,7.09189197861709,8.56328919188017,9.28180256744866,8.42891121484549,7.34976103589498,9.04981864997289,7.40754603781642,8.76382779340755,8.08010249098825,8.21053862956787,9.82298637125285,7.56316798822715,8.02620565304207,8.65527907470865,9.46497384868658,8.74833664260539,6.62449617912709,8.56660496713407,9.79161605464918,7.99085096680122,8.6834738431253,8.52521391612836,7.68667099680029,7.32894935390742,5.73828423012421,6.90730874978436,8.73249822601189,9.1375526274984,7.21161842758661,6.84370111449187,6.39860198233132
7.75662916666304,10.1384201549608,8.34503254662035,10.577944699533,10.1328056554719,7.82322272655228,8.69778858183234,9.58556826574614,3.31394724194583,10.6519465551668,8.86771542348936,9.60439702963512,8.49323626745144,10.6004148881012,7.51713364528022,8.35927308443634,9.11166299307078,7.36965202696076,7.44655434446931,10.2837373420844,9.55823802002486,8.79776015345429,8.3013490908706,1.80285717972034,9.40648718811753,8.55648825779345,10.585417814246,10.3922866254294,6.19796266314265,8.32477382298524,8.3719628707574,7.46922695283611,9.39979287901083,7.48148161485567,8.99535714574777,9.35299251272453,8.50664539349865,9.39109127528084,8.76064931168959,8.45863031279941,6.83613181782852,8.99887331499902,7.14359688001185,9.47506547406647,8.47920338300423,8.72105216843409,7.03252963937222,7.79763192275082,5.36437282800395,5.90722760429995,7.89422450434258,6.81801584750912,10.0092292282362,7.42474790311279,7.0559333699202,7.46893867079615,8.85619604417153,5.61156707834736,8.54428509633642,6.71762023223701,5.53936775178572
8.12824629298111,8.94351116300174,9.67203016268044,10.007679694056,9.60302554996091,10.6960751564969,9.95503234187473,8.94838077408794,8.47287216143023,6.93717978104108,7.94706915080575,10.9327927192255,9.0887131046337,9.98908635332782,9.83754850217929,10.6914324711902,8.96435263517855,9.64303999683656,7.78175419999256,10.1248755229421,8.3355208349794,10.0224645864174,9.25914535784859,9.98426672641942,9.66625551480591,7.71577650901178,7.3076192820462,7.33777981059944,10.7041826472801,7.59681511483216,10.1870541589002,8.12920693918894,8.93931426187656,8.87187240672538,9.91754702093125,8.49791178559061,9.89603393523346,10.0432764374373,9.61187705248113,9.5649816002027,8.74719024384949,8.93744028306402,9.54511144512668,7.20033674394443,8.94169868961945,9.45499887416766,9.38281524566587,9.47671930064022,9.17156412200422,7.56004236250024,7.45747889366866,7.52712250302628,6.47690523995983,7.84049432560018,8.17338001529726,5.94321863310458,10.2171570502585,7.56876873309583,6.52157617074112,6.46462678193312,8.3387521422778
10.7342376372689,10.7615538749726,10.2222670264117,11.0611292472227,8.68309048849299,9.83114345238351,9.84948377952663,7.75120344967135,9.46058887335422,9.82472025991209,10.0380296476467,9.09849593767334,10.8896042446562,8.01272662901124,8.69129675766458,7.62617662348042,8.82700939509587,9.80743230378829,10.0552450317578,10.8294023233399,9.80400072815031,10.4003569766404,9.70190728789698,7.48126486646933,9.15109712964026,10.3020292657833,9.79108075591648,7.58727025392605,9.01446043938893,7.75328997397305,6.96862326853977,8.31346237947206,7.43153582955222,8.06443230918076,6.379305704624,9.08878501303631,6.77713399742601,9.91670535405827,8.70563428233696,7.33070358634583,8.26271755290666,9.29000794845049,7.10003311562374,8.44919081601631,7.85719332246796,8.54460484809015,8.20183604438242,8.53199437052596,6.89067427479379,8.95268561533117,9.60829024306599,6.74798047359364,10.2261433118428,6.8546247817912,6.38515385635963,6.24653695715616,8.60344440940563,6.54510058077185,8.2944826373893,7.40442848932836,7.00967703571917
